Workbook

Sheet MASTER DATA
A1: 2026 | B1: LEAD ADS | T1: DM | AI1: OUTBOUND - PROSPECTION | AX1: TOTAUX - NE PAS TOUCHER
B3: Dials | C3: Picked-up | D3: Call booked | E3: Rappel moi | F3: DQ | G3: Follow-Up | H3: Showed call | I3: Close | J3: Rev generated | K3: Pick up rate % | L3: Lead to set % | M3: DQ % | N3: FUP % | O3: % True convo | P3: SUR % | Q3: Close % | R3: Dials / set | S3: Rev / booking | T3: New convo | U3: New active | V3: Proposition | W3: Call booked | X3: Showed call | Y3: Close | Z3: Rev generated | AA3: % New convo | AB3: % Proposition | AC3: % P2C | AD3: % N2A | AE3: Close % | AF3: SUR % | AG3: Convo / set | AH3: Rev / booking | AI3: New convo | AJ3: New active | AK3: Proposition | AL3: Call booked | AM3: Showed call | AN3: Close | AO3: Rev generated | AP3: % New convo | AQ3: % Proposition | AR3: % P2C | AS3: % N2A | AT3: Close % | AU3: SUR % | AV3: Convo / set | AW3: Rev / booking | AX3: Call booked | AY3: Showed | AZ3: Close | BA3: Rev generated | BB3: SUR % | BC3: Close % | BD3: Rev / booking
A5: JANVIER | B5: =SUM(B26:B56) -> 0 | C5: =SUM(C26:C56) -> 0 | D5: =SUM(D26:D56) -> 0 | E5: =SUM(E26:E56) -> 0 | F5: =SUM(F26:F56) -> 0 | G5: =SUM(G26:G56) -> 0 | H5: =SUM(H26:H56) -> 0 | I5: =SUM(I26:I56) -> 0 | J5: =SUM(J26:J56) -> 0 | K5: =IFERROR(C5/B5,"") | L5: =IFERROR(D5/(C5-E5),"") | M5: =IFERROR(F5/(C5-E5),"") | N5: =IFERROR(G5/(C5-E5),"") | O5: =IFERROR((C5-E5)/C5,"") | P5: =IFERROR(H5/D5,"") | Q5: =IFERROR(I5/D5,"") | R5: =IFERROR(B5/D5,"") | S5: =IFERROR(J5/D5,"") | T5: =SUM(T26:T56) -> 0 | U5: =SUM(U26:U56) -> 0 | V5: =SUM(V26:V56) -> 0 | W5: =SUM(W26:W56) -> 0 | X5: =SUM(X26:X56) -> 0 | Y5: =SUM(Y26:Y56) -> 0 | Z5: =SUM(Z26:Z56) -> 0 | AA5: =IFERROR(U5/T5,"") | AB5: =IFERROR(V5/U5,"") | AC5: =IFERROR(W5/V5,"") | AD5: =IFERROR(W5/U5,"") | AE5: =IFERROR(Y5/W5,"") | AF5: =IFERROR(X5/W5,"") | AG5: =IFERROR(T5/W5,"") | AH5: =IFERROR(Z5/W5,"") | AI5: =SUM(AI26:AI56) -> 0 | AJ5: =SUM(AJ26:AJ56) -> 0 | AK5: =SUM(AK26:AK56) -> 0 | AL5: =SUM(AL26:AL56) -> 0 | AM5: =SUM(AM26:AM56) -> 0 | AN5: =SUM(AN26:AN56) -> 0 | AO5: =SUM(AO26:AO56) -> 0 | AP5: =IFERROR(AJ5/AI5,"") | AQ5: =IFERROR(AK5/AJ5,"") | AR5: =IFERROR(AL5/AK5,"") | AS5: =IFERROR(AL5/AJ5,"") | AT5: =IFERROR(AN5/AL5,"") | AU5: =IFERROR(AM5/AL5,"") | AV5: =IFERROR(AI5/AL5,"") | AW5: =IFERROR(AO5/AL5,"") | AX5: =SUM(AX26:AX56) -> 0 | AY5: =SUM(AY26:AY56) -> 0 | AZ5: =SUM(AZ26:AZ56) -> 0 | BA5: =SUM(BA26:BA56) -> 0 | BB5: =IFERROR(AY5/AX5,"") | BC5: =IFERROR(AZ5/AX5,"") | BD5: =IFERROR(BA5/AX5,"")
A6: FÉVRIER | B6: =SUM(B58:B86) -> 0 | C6: =SUM(C58:C86) -> 0 | D6: =SUM(D58:D86) -> 0 | E6: =SUM(E58:E86) -> 0 | F6: =SUM(F58:F86) -> 0 | G6: =SUM(G58:G86) -> 0 | H6: =SUM(H58:H86) -> 0 | I6: =SUM(I58:I86) -> 0 | J6: =SUM(J58:J86) -> 0 | K6: =IFERROR(C6/B6,"") | L6: =IFERROR(D6/(C6-E6),"") | M6: =IFERROR(F6/(C6-E6),"") | N6: =IFERROR(G6/(C6-E6),"") | O6: =IFERROR((C6-E6)/C6,"") | P6: =IFERROR(H6/D6,"") | Q6: =IFERROR(I6/D6,"") | R6: =IFERROR(B6/D6,"") | S6: =IFERROR(J6/D6,"") | T6: =SUM(T58:T86) -> 0 | U6: =SUM(U58:U86) -> 0 | V6: =SUM(V58:V86) -> 0 | W6: =SUM(W58:W86) -> 0 | X6: =SUM(X58:X86) -> 0 | Y6: =SUM(Y58:Y86) -> 0 | Z6: =SUM(Z58:Z86) -> 0 | AA6: =IFERROR(U6/T6,"") | AB6: =IFERROR(V6/U6,"") | AC6: =IFERROR(W6/V6,"") | AD6: =IFERROR(W6/U6,"") | AE6: =IFERROR(Y6/W6,"") | AF6: =IFERROR(X6/W6,"") | AG6: =IFERROR(T6/W6,"") | AH6: =IFERROR(Z6/W6,"") | AI6: =SUM(AI58:AI86) -> 0 | AJ6: =SUM(AJ58:AJ86) -> 0 | AK6: =SUM(AK58:AK86) -> 0 | AL6: =SUM(AL58:AL86) -> 0 | AM6: =SUM(AM58:AM86) -> 0 | AN6: =SUM(AN58:AN86) -> 0 | AO6: =SUM(AO58:AO86) -> 0 | AP6: =IFERROR(AJ6/AI6,"") | AQ6: =IFERROR(AK6/AJ6,"") | AR6: =IFERROR(AL6/AK6,"") | AS6: =IFERROR(AL6/AJ6,"") | AT6: =IFERROR(AN6/AL6,"") | AU6: =IFERROR(AM6/AL6,"") | AV6: =IFERROR(AI6/AL6,"") | AW6: =IFERROR(AO6/AL6,"") | AX6: =SUM(AX58:AX86) -> 0 | AY6: =SUM(AY58:AY86) -> 0 | AZ6: =SUM(AZ58:AZ86) -> 0 | BA6: =SUM(BA58:BA86) -> 0 | BB6: =IFERROR(AY6/AX6,"") | BC6: =IFERROR(AZ6/AX6,"") | BD6: =IFERROR(BA6/AX6,"")
A7: MARS | B7: =SUM(B88:B118) -> 30 | C7: =SUM(C88:C118) -> 15 | D7: =SUM(D88:D118) -> 9 | E7: =SUM(E88:E118) -> 1 | F7: =SUM(F88:F118) -> 2 | G7: =SUM(G88:G118) -> 4 | H7: =SUM(H88:H118) -> 0 | I7: =SUM(I88:I118) -> 0 | J7: =SUM(J88:J118) -> 1 | K7: =IFERROR(C7/B7,"") -> 0.5 | L7: =IFERROR(D7/(C7-E7),"") -> 0.64285714 | M7: =IFERROR(F7/(C7-E7),"") -> 0.14285714 | N7: =IFERROR(G7/(C7-E7),"") -> 0.28571429 | O7: =IFERROR((C7-E7)/C7,"") -> 0.93333333 | P7: =IFERROR(H7/D7,"") -> 0 | Q7: =IFERROR(I7/D7,"") -> 0 | R7: =IFERROR(B7/D7,"") -> 3.3333333 | S7: =IFERROR(J7/D7,"") -> 0.11111111 | T7: =SUM(T88:T118) -> 2 | U7: =SUM(U88:U118) -> 0 | V7: =SUM(V88:V118) -> 0 | W7: =SUM(W88:W118) -> 3 | X7: =SUM(X88:X118) -> 0 | Y7: =SUM(Y88:Y118) -> 0 | Z7: =SUM(Z88:Z118) -> 0 | AA7: =IFERROR(U7/T7,"") -> 0 | AB7: =IFERROR(V7/U7,"") | AC7: =IFERROR(W7/V7,"") | AD7: =IFERROR(W7/U7,"") | AE7: =IFERROR(Y7/W7,"") -> 0 | AF7: =IFERROR(X7/W7,"") -> 0 | AG7: =IFERROR(T7/W7,"") -> 0.66666667 | AH7: =IFERROR(Z7/W7,"") -> 0 | AI7: =SUM(AI88:AI118) -> 0 | AJ7: =SUM(AJ88:AJ118) -> 0 | AK7: =SUM(AK88:AK118) -> 0 | AL7: =SUM(AL88:AL118) -> 0 | AM7: =SUM(AM88:AM118) -> 0 | AN7: =SUM(AN88:AN118) -> 0 | AO7: =SUM(AO88:AO118) -> 0 | AP7: =IFERROR(AJ7/AI7,"") | AQ7: =IFERROR(AK7/AJ7,"") | AR7: =IFERROR(AL7/AK7,"") | AS7: =IFERROR(AL7/AJ7,"") | AT7: =IFERROR(AN7/AL7,"") | AU7: =IFERROR(AM7/AL7,"") | AV7: =IFERROR(AI7/AL7,"") | AW7: =IFERROR(AO7/AL7,"") | AX7: =SUM(AX88:AX118) -> 32 | AY7: =SUM(AY88:AY118) -> 0 | AZ7: =SUM(AZ88:AZ118) -> 0 | BA7: =SUM(BA88:BA118) -> 1 | BB7: =IFERROR(AY7/AX7,"") -> 0 | BC7: =IFERROR(AZ7/AX7,"") -> 0 | BD7: =IFERROR(BA7/AX7,"") -> 0.03125
A8: AVRIL | B8: =SUM(B120:B149) -> 0 | C8: =SUM(C120:C149) -> 0 | D8: =SUM(D120:D149) -> 0 | E8: =SUM(E120:E149) -> 0 | F8: =SUM(F120:F149) -> 0 | G8: =SUM(G120:G149) -> 0 | H8: =SUM(H120:H149) -> 0 | I8: =SUM(I120:I149) -> 0 | J8: =SUM(J120:J149) -> 0 | K8: =IFERROR(C8/B8,"") | L8: =IFERROR(D8/(C8-E8),"") | M8: =IFERROR(F8/(C8-E8),"") | N8: =IFERROR(G8/(C8-E8),"") | O8: =IFERROR((C8-E8)/C8,"") | P8: =IFERROR(H8/D8,"") | Q8: =IFERROR(I8/D8,"") | R8: =IFERROR(B8/D8,"") | S8: =IFERROR(J8/D8,"") | T8: =SUM(T120:T149) -> 0 | U8: =SUM(U120:U149) -> 0 | V8: =SUM(V120:V149) -> 0 | W8: =SUM(W120:W149) -> 0 | X8: =SUM(X120:X149) -> 0 | Y8: =SUM(Y120:Y149) -> 0 | Z8: =SUM(Z120:Z149) -> 0 | AA8: =IFERROR(U8/T8,"") | AB8: =IFERROR(V8/U8,"") | AC8: =IFERROR(W8/V8,"") | AD8: =IFERROR(W8/U8,"") | AE8: =IFERROR(Y8/W8,"") | AF8: =IFERROR(X8/W8,"") | AG8: =IFERROR(T8/W8,"") | AH8: =IFERROR(Z8/W8,"") | AI8: =SUM(AI120:AI149) -> 0 | AJ8: =SUM(AJ120:AJ149) -> 0 | AK8: =SUM(AK120:AK149) -> 0 | AL8: =SUM(AL120:AL149) -> 0 | AM8: =SUM(AM120:AM149) -> 0 | AN8: =SUM(AN120:AN149) -> 0 | AO8: =SUM(AO120:AO149) -> 0 | AP8: =IFERROR(AJ8/AI8,"") | AQ8: =IFERROR(AK8/AJ8,"") | AR8: =IFERROR(AL8/AK8,"") | AS8: =IFERROR(AL8/AJ8,"") | AT8: =IFERROR(AN8/AL8,"") | AU8: =IFERROR(AM8/AL8,"") | AV8: =IFERROR(AI8/AL8,"") | AW8: =IFERROR(AO8/AL8,"") | AX8: =SUM(AX120:AX149) -> 0 | AY8: =SUM(AY120:AY149) -> 0 | AZ8: =SUM(AZ120:AZ149) -> 0 | BA8: =SUM(BA120:BA149) -> 0 | BB8: =IFERROR(AY8/AX8,"") | BC8: =IFERROR(AZ8/AX8,"") | BD8: =IFERROR(BA8/AX8,"")
A9: MAI | B9: =SUM(B151:B181) -> 0 | C9: =SUM(C151:C181) -> 0 | D9: =SUM(D151:D181) -> 0 | E9: =SUM(E151:E181) -> 0 | F9: =SUM(F151:F181) -> 0 | G9: =SUM(G151:G181) -> 0 | H9: =SUM(H151:H181) -> 0 | I9: =SUM(I151:I181) -> 0 | J9: =SUM(J151:J181) -> 0 | K9: =IFERROR(C9/B9,"") | L9: =IFERROR(D9/(C9-E9),"") | M9: =IFERROR(F9/(C9-E9),"") | N9: =IFERROR(G9/(C9-E9),"") | O9: =IFERROR((C9-E9)/C9,"") | P9: =IFERROR(H9/D9,"") | Q9: =IFERROR(I9/D9,"") | R9: =IFERROR(B9/D9,"") | S9: =IFERROR(J9/D9,"") | T9: =SUM(T151:T181) -> 0 | U9: =SUM(U151:U181) -> 0 | V9: =SUM(V151:V181) -> 0 | W9: =SUM(W151:W181) -> 0 | X9: =SUM(X151:X181) -> 0 | Y9: =SUM(Y151:Y181) -> 0 | Z9: =SUM(Z151:Z181) -> 0 | AA9: =IFERROR(U9/T9,"") | AB9: =IFERROR(V9/U9,"") | AC9: =IFERROR(W9/V9,"") | AD9: =IFERROR(W9/U9,"") | AE9: =IFERROR(Y9/W9,"") | AF9: =IFERROR(X9/W9,"") | AG9: =IFERROR(T9/W9,"") | AH9: =IFERROR(Z9/W9,"") | AI9: =SUM(AI151:AI181) -> 0 | AJ9: =SUM(AJ151:AJ181) -> 0 | AK9: =SUM(AK151:AK181) -> 0 | AL9: =SUM(AL151:AL181) -> 0 | AM9: =SUM(AM151:AM181) -> 0 | AN9: =SUM(AN151:AN181) -> 0 | AO9: =SUM(AO151:AO181) -> 0 | AP9: =IFERROR(AJ9/AI9,"") | AQ9: =IFERROR(AK9/AJ9,"") | AR9: =IFERROR(AL9/AK9,"") | AS9: =IFERROR(AL9/AJ9,"") | AT9: =IFERROR(AN9/AL9,"") | AU9: =IFERROR(AM9/AL9,"") | AV9: =IFERROR(AI9/AL9,"") | AW9: =IFERROR(AO9/AL9,"") | AX9: =SUM(AX151:AX181) -> 0 | AY9: =SUM(AY151:AY181) -> 0 | AZ9: =SUM(AZ151:AZ181) -> 0 | BA9: =SUM(BA151:BA181) -> 0 | BB9: =IFERROR(AY9/AX9,"") | BC9: =IFERROR(AZ9/AX9,"") | BD9: =IFERROR(BA9/AX9,"")
A10: JUIN | B10: =SUM(B183:B212) -> 0 | C10: =SUM(C183:C212) -> 0 | D10: =SUM(D183:D212) -> 0 | E10: =SUM(E183:E212) -> 0 | F10: =SUM(F183:F212) -> 0 | G10: =SUM(G183:G212) -> 0 | H10: =SUM(H183:H212) -> 0 | I10: =SUM(I183:I212) -> 0 | J10: =SUM(J183:J212) -> 0 | K10: =IFERROR(C10/B10,"") | L10: =IFERROR(D10/(C10-E10),"") | M10: =IFERROR(F10/(C10-E10),"") | N10: =IFERROR(G10/(C10-E10),"") | O10: =IFERROR((C10-E10)/C10,"") | P10: =IFERROR(H10/D10,"") | Q10: =IFERROR(I10/D10,"") | R10: =IFERROR(B10/D10,"") | S10: =IFERROR(J10/D10,"") | T10: =SUM(T183:T212) -> 0 | U10: =SUM(U183:U212) -> 0 | V10: =SUM(V183:V212) -> 0 | W10: =SUM(W183:W212) -> 0 | X10: =SUM(X183:X212) -> 0 | Y10: =SUM(Y183:Y212) -> 0 | Z10: =SUM(Z183:Z212) -> 0 | AA10: =IFERROR(U10/T10,"") | AB10: =IFERROR(V10/U10,"") | AC10: =IFERROR(W10/V10,"") | AD10: =IFERROR(W10/U10,"") | AE10: =IFERROR(Y10/W10,"") | AF10: =IFERROR(X10/W10,"") | AG10: =IFERROR(T10/W10,"") | AH10: =IFERROR(Z10/W10,"") | AI10: =SUM(AI183:AI212) -> 0 | AJ10: =SUM(AJ183:AJ212) -> 0 | AK10: =SUM(AK183:AK212) -> 0 | AL10: =SUM(AL183:AL212) -> 0 | AM10: =SUM(AM183:AM212) -> 0 | AN10: =SUM(AN183:AN212) -> 0 | AO10: =SUM(AO183:AO212) -> 0 | AP10: =IFERROR(AJ10/AI10,"") | AQ10: =IFERROR(AK10/AJ10,"") | AR10: =IFERROR(AL10/AK10,"") | AS10: =IFERROR(AL10/AJ10,"") | AT10: =IFERROR(AN10/AL10,"") | AU10: =IFERROR(AM10/AL10,"") | AV10: =IFERROR(AI10/AL10,"") | AW10: =IFERROR(AO10/AL10,"") | AX10: =SUM(AX183:AX212) -> 0 | AY10: =SUM(AY183:AY212) -> 0 | AZ10: =SUM(AZ183:AZ212) -> 0 | BA10: =SUM(BA183:BA212) -> 0 | BB10: =IFERROR(AY10/AX10,"") | BC10: =IFERROR(AZ10/AX10,"") | BD10: =IFERROR(BA10/AX10,"")
A11: JUILLET | B11: =SUM(B214:B244) -> 0 | C11: =SUM(C214:C244) -> 0 | D11: =SUM(D214:D244) -> 0 | E11: =SUM(E214:E244) -> 0 | F11: =SUM(F214:F244) -> 0 | G11: =SUM(G214:G244) -> 0 | H11: =SUM(H214:H244) -> 0 | I11: =SUM(I214:I244) -> 0 | J11: =SUM(J214:J244) -> 0 | K11: =IFERROR(C11/B11,"") | L11: =IFERROR(D11/(C11-E11),"") | M11: =IFERROR(F11/(C11-E11),"") | N11: =IFERROR(G11/(C11-E11),"") | O11: =IFERROR((C11-E11)/C11,"") | P11: =IFERROR(H11/D11,"") | Q11: =IFERROR(I11/D11,"") | R11: =IFERROR(B11/D11,"") | S11: =IFERROR(J11/D11,"") | T11: =SUM(T214:T244) -> 0 | U11: =SUM(U214:U244) -> 0 | V11: =SUM(V214:V244) -> 0 | W11: =SUM(W214:W244) -> 0 | X11: =SUM(X214:X244) -> 0 | Y11: =SUM(Y214:Y244) -> 0 | Z11: =SUM(Z214:Z244) -> 0 | AA11: =IFERROR(U11/T11,"") | AB11: =IFERROR(V11/U11,"") | AC11: =IFERROR(W11/V11,"") | AD11: =IFERROR(W11/U11,"") | AE11: =IFERROR(Y11/W11,"") | AF11: =IFERROR(X11/W11,"") | AG11: =IFERROR(T11/W11,"") | AH11: =IFERROR(Z11/W11,"") | AI11: =SUM(AI214:AI244) -> 0 | AJ11: =SUM(AJ214:AJ244) -> 0 | AK11: =SUM(AK214:AK244) -> 0 | AL11: =SUM(AL214:AL244) -> 0 | AM11: =SUM(AM214:AM244) -> 0 | AN11: =SUM(AN214:AN244) -> 0 | AO11: =SUM(AO214:AO244) -> 0 | AP11: =IFERROR(AJ11/AI11,"") | AQ11: =IFERROR(AK11/AJ11,"") | AR11: =IFERROR(AL11/AK11,"") | AS11: =IFERROR(AL11/AJ11,"") | AT11: =IFERROR(AN11/AL11,"") | AU11: =IFERROR(AM11/AL11,"") | AV11: =IFERROR(AI11/AL11,"") | AW11: =IFERROR(AO11/AL11,"") | AX11: =SUM(AX214:AX244) -> 0 | AY11: =SUM(AY214:AY244) -> 0 | AZ11: =SUM(AZ214:AZ244) -> 0 | BA11: =SUM(BA214:BA244) -> 0 | BB11: =IFERROR(AY11/AX11,"") | BC11: =IFERROR(AZ11/AX11,"") | BD11: =IFERROR(BA11/AX11,"")
A12: AOÛT | B12: =SUM(B246:B276) -> 0 | C12: =SUM(C246:C276) -> 0 | D12: =SUM(D246:D276) -> 0 | E12: =SUM(E246:E276) -> 0 | F12: =SUM(F246:F276) -> 0 | G12: =SUM(G246:G276) -> 0 | H12: =SUM(H246:H276) -> 0 | I12: =SUM(I246:I276) -> 0 | J12: =SUM(J246:J276) -> 0 | K12: =IFERROR(C12/B12,"") | L12: =IFERROR(D12/(C12-E12),"") | M12: =IFERROR(F12/(C12-E12),"") | N12: =IFERROR(G12/(C12-E12),"") | O12: =IFERROR((C12-E12)/C12,"") | P12: =IFERROR(H12/D12,"") | Q12: =IFERROR(I12/D12,"") | R12: =IFERROR(B12/D12,"") | S12: =IFERROR(J12/D12,"") | T12: =SUM(T246:T276) -> 0 | U12: =SUM(U246:U276) -> 0 | V12: =SUM(V246:V276) -> 0 | W12: =SUM(W246:W276) -> 0 | X12: =SUM(X246:X276) -> 0 | Y12: =SUM(Y246:Y276) -> 0 | Z12: =SUM(Z246:Z276) -> 0 | AA12: =IFERROR(U12/T12,"") | AB12: =IFERROR(V12/U12,"") | AC12: =IFERROR(W12/V12,"") | AD12: =IFERROR(W12/U12,"") | AE12: =IFERROR(Y12/W12,"") | AF12: =IFERROR(X12/W12,"") | AG12: =IFERROR(T12/W12,"") | AH12: =IFERROR(Z12/W12,"") | AI12: =SUM(AI246:AI276) -> 0 | AJ12: =SUM(AJ246:AJ276) -> 0 | AK12: =SUM(AK246:AK276) -> 0 | AL12: =SUM(AL246:AL276) -> 0 | AM12: =SUM(AM246:AM276) -> 0 | AN12: =SUM(AN246:AN276) -> 0 | AO12: =SUM(AO246:AO276) -> 0 | AP12: =IFERROR(AJ12/AI12,"") | AQ12: =IFERROR(AK12/AJ12,"") | AR12: =IFERROR(AL12/AK12,"") | AS12: =IFERROR(AL12/AJ12,"") | AT12: =IFERROR(AN12/AL12,"") | AU12: =IFERROR(AM12/AL12,"") | AV12: =IFERROR(AI12/AL12,"") | AW12: =IFERROR(AO12/AL12,"") | AX12: =SUM(AX246:AX276) -> 0 | AY12: =SUM(AY246:AY276) -> 0 | AZ12: =SUM(AZ246:AZ276) -> 0 | BA12: =SUM(BA246:BA276) -> 0 | BB12: =IFERROR(AY12/AX12,"") | BC12: =IFERROR(AZ12/AX12,"") | BD12: =IFERROR(BA12/AX12,"")
A13: SEPTEMBRE | B13: =SUM(B278:B307) -> 0 | C13: =SUM(C278:C307) -> 0 | D13: =SUM(D278:D307) -> 0 | E13: =SUM(E278:E307) -> 0 | F13: =SUM(F278:F307) -> 0 | G13: =SUM(G278:G307) -> 0 | H13: =SUM(H278:H307) -> 0 | I13: =SUM(I278:I307) -> 0 | J13: =SUM(J278:J307) -> 0 | K13: =IFERROR(C13/B13,"") | L13: =IFERROR(D13/(C13-E13),"") | M13: =IFERROR(F13/(C13-E13),"") | N13: =IFERROR(G13/(C13-E13),"") | O13: =IFERROR((C13-E13)/C13,"") | P13: =IFERROR(H13/D13,"") | Q13: =IFERROR(I13/D13,"") | R13: =IFERROR(B13/D13,"") | S13: =IFERROR(J13/D13,"") | T13: =SUM(T278:T307) -> 0 | U13: =SUM(U278:U307) -> 0 | V13: =SUM(V278:V307) -> 0 | W13: =SUM(W278:W307) -> 0 | X13: =SUM(X278:X307) -> 0 | Y13: =SUM(Y278:Y307) -> 0 | Z13: =SUM(Z278:Z307) -> 0 | AA13: =IFERROR(U13/T13,"") | AB13: =IFERROR(V13/U13,"") | AC13: =IFERROR(W13/V13,"") | AD13: =IFERROR(W13/U13,"") | AE13: =IFERROR(Y13/W13,"") | AF13: =IFERROR(X13/W13,"") | AG13: =IFERROR(T13/W13,"") | AH13: =IFERROR(Z13/W13,"") | AI13: =SUM(AI278:AI307) -> 0 | AJ13: =SUM(AJ278:AJ307) -> 0 | AK13: =SUM(AK278:AK307) -> 0 | AL13: =SUM(AL278:AL307) -> 0 | AM13: =SUM(AM278:AM307) -> 0 | AN13: =SUM(AN278:AN307) -> 0 | AO13: =SUM(AO278:AO307) -> 0 | AP13: =IFERROR(AJ13/AI13,"") | AQ13: =IFERROR(AK13/AJ13,"") | AR13: =IFERROR(AL13/AK13,"") | AS13: =IFERROR(AL13/AJ13,"") | AT13: =IFERROR(AN13/AL13,"") | AU13: =IFERROR(AM13/AL13,"") | AV13: =IFERROR(AI13/AL13,"") | AW13: =IFERROR(AO13/AL13,"") | AX13: =SUM(AX278:AX307) -> 0 | AY13: =SUM(AY278:AY307) -> 0 | AZ13: =SUM(AZ278:AZ307) -> 0 | BA13: =SUM(BA278:BA307) -> 0 | BB13: =IFERROR(AY13/AX13,"") | BC13: =IFERROR(AZ13/AX13,"") | BD13: =IFERROR(BA13/AX13,"")
A14: OCTOBRE | B14: =SUM(B309:B339) -> 0 | C14: =SUM(C309:C339) -> 0 | D14: =SUM(D309:D339) -> 0 | E14: =SUM(E309:E339) -> 0 | F14: =SUM(F309:F339) -> 0 | G14: =SUM(G309:G339) -> 0 | H14: =SUM(H309:H339) -> 0 | I14: =SUM(I309:I339) -> 0 | J14: =SUM(J309:J339) -> 0 | K14: =IFERROR(C14/B14,"") | L14: =IFERROR(D14/(C14-E14),"") | M14: =IFERROR(F14/(C14-E14),"") | N14: =IFERROR(G14/(C14-E14),"") | O14: =IFERROR((C14-E14)/C14,"") | P14: =IFERROR(H14/D14,"") | Q14: =IFERROR(I14/D14,"") | R14: =IFERROR(B14/D14,"") | S14: =IFERROR(J14/D14,"") | T14: =SUM(T309:T339) -> 0 | U14: =SUM(U309:U339) -> 0 | V14: =SUM(V309:V339) -> 0 | W14: =SUM(W309:W339) -> 0 | X14: =SUM(X309:X339) -> 0 | Y14: =SUM(Y309:Y339) -> 0 | Z14: =SUM(Z309:Z339) -> 0 | AA14: =IFERROR(U14/T14,"") | AB14: =IFERROR(V14/U14,"") | AC14: =IFERROR(W14/V14,"") | AD14: =IFERROR(W14/U14,"") | AE14: =IFERROR(Y14/W14,"") | AF14: =IFERROR(X14/W14,"") | AG14: =IFERROR(T14/W14,"") | AH14: =IFERROR(Z14/W14,"") | AI14: =SUM(AI309:AI339) -> 0 | AJ14: =SUM(AJ309:AJ339) -> 0 | AK14: =SUM(AK309:AK339) -> 0 | AL14: =SUM(AL309:AL339) -> 0 | AM14: =SUM(AM309:AM339) -> 0 | AN14: =SUM(AN309:AN339) -> 0 | AO14: =SUM(AO309:AO339) -> 0 | AP14: =IFERROR(AJ14/AI14,"") | AQ14: =IFERROR(AK14/AJ14,"") | AR14: =IFERROR(AL14/AK14,"") | AS14: =IFERROR(AL14/AJ14,"") | AT14: =IFERROR(AN14/AL14,"") | AU14: =IFERROR(AM14/AL14,"") | AV14: =IFERROR(AI14/AL14,"") | AW14: =IFERROR(AO14/AL14,"") | AX14: =SUM(AX309:AX339) -> 0 | AY14: =SUM(AY309:AY339) -> 0 | AZ14: =SUM(AZ309:AZ339) -> 0 | BA14: =SUM(BA309:BA339) -> 0 | BB14: =IFERROR(AY14/AX14,"") | BC14: =IFERROR(AZ14/AX14,"") | BD14: =IFERROR(BA14/AX14,"")
A15: NOVEMBRE | B15: =SUM(B341:B370) -> 0 | C15: =SUM(C341:C370) -> 0 | D15: =SUM(D341:D370) -> 0 | E15: =SUM(E341:E370) -> 0 | F15: =SUM(F341:F370) -> 0 | G15: =SUM(G341:G370) -> 0 | H15: =SUM(H341:H370) -> 0 | I15: =SUM(I341:I370) -> 0 | J15: =SUM(J341:J370) -> 0 | K15: =IFERROR(C15/B15,"") | L15: =IFERROR(D15/(C15-E15),"") | M15: =IFERROR(F15/(C15-E15),"") | N15: =IFERROR(G15/(C15-E15),"") | O15: =IFERROR((C15-E15)/C15,"") | P15: =IFERROR(H15/D15,"") | Q15: =IFERROR(I15/D15,"") | R15: =IFERROR(B15/D15,"") | S15: =IFERROR(J15/D15,"") | T15: =SUM(T341:T370) -> 0 | U15: =SUM(U341:U370) -> 0 | V15: =SUM(V341:V370) -> 0 | W15: =SUM(W341:W370) -> 0 | X15: =SUM(X341:X370) -> 0 | Y15: =SUM(Y341:Y370) -> 0 | Z15: =SUM(Z341:Z370) -> 0 | AA15: =IFERROR(U15/T15,"") | AB15: =IFERROR(V15/U15,"") | AC15: =IFERROR(W15/V15,"") | AD15: =IFERROR(W15/U15,"") | AE15: =IFERROR(Y15/W15,"") | AF15: =IFERROR(X15/W15,"") | AG15: =IFERROR(T15/W15,"") | AH15: =IFERROR(Z15/W15,"") | AI15: =SUM(AI341:AI370) -> 0 | AJ15: =SUM(AJ341:AJ370) -> 0 | AK15: =SUM(AK341:AK370) -> 0 | AL15: =SUM(AL341:AL370) -> 0 | AM15: =SUM(AM341:AM370) -> 0 | AN15: =SUM(AN341:AN370) -> 0 | AO15: =SUM(AO341:AO370) -> 0 | AP15: =IFERROR(AJ15/AI15,"") | AQ15: =IFERROR(AK15/AJ15,"") | AR15: =IFERROR(AL15/AK15,"") | AS15: =IFERROR(AL15/AJ15,"") | AT15: =IFERROR(AN15/AL15,"") | AU15: =IFERROR(AM15/AL15,"") | AV15: =IFERROR(AI15/AL15,"") | AW15: =IFERROR(AO15/AL15,"") | AX15: =SUM(AX341:AX370) -> 0 | AY15: =SUM(AY341:AY370) -> 0 | AZ15: =SUM(AZ341:AZ370) -> 0 | BA15: =SUM(BA341:BA370) -> 0 | BB15: =IFERROR(AY15/AX15,"") | BC15: =IFERROR(AZ15/AX15,"") | BD15: =IFERROR(BA15/AX15,"")
A16: DÉCEMBRE | B16: =SUM(B372:B402) -> 0 | C16: =SUM(C372:C402) -> 0 | D16: =SUM(D372:D402) -> 0 | E16: =SUM(E372:E402) -> 0 | F16: =SUM(F372:F402) -> 0 | G16: =SUM(G372:G402) -> 0 | H16: =SUM(H372:H402) -> 0 | I16: =SUM(I372:I402) -> 0 | J16: =SUM(J372:J402) -> 0 | K16: =IFERROR(C16/B16,"") | L16: =IFERROR(D16/(C16-E16),"") | M16: =IFERROR(F16/(C16-E16),"") | N16: =IFERROR(G16/(C16-E16),"") | O16: =IFERROR((C16-E16)/C16,"") | P16: =IFERROR(H16/D16,"") | Q16: =IFERROR(I16/D16,"") | R16: =IFERROR(B16/D16,"") | S16: =IFERROR(J16/D16,"") | T16: =SUM(T372:T402) -> 0 | U16: =SUM(U372:U402) -> 0 | V16: =SUM(V372:V402) -> 0 | W16: =SUM(W372:W402) -> 0 | X16: =SUM(X372:X402) -> 0 | Y16: =SUM(Y372:Y402) -> 0 | Z16: =SUM(Z372:Z402) -> 0 | AA16: =IFERROR(U16/T16,"") | AB16: =IFERROR(V16/U16,"") | AC16: =IFERROR(W16/V16,"") | AD16: =IFERROR(W16/U16,"") | AE16: =IFERROR(Y16/W16,"") | AF16: =IFERROR(X16/W16,"") | AG16: =IFERROR(T16/W16,"") | AH16: =IFERROR(Z16/W16,"") | AI16: =SUM(AI372:AI402) -> 0 | AJ16: =SUM(AJ372:AJ402) -> 0 | AK16: =SUM(AK372:AK402) -> 0 | AL16: =SUM(AL372:AL402) -> 0 | AM16: =SUM(AM372:AM402) -> 0 | AN16: =SUM(AN372:AN402) -> 0 | AO16: =SUM(AO372:AO402) -> 0 | AP16: =IFERROR(AJ16/AI16,"") | AQ16: =IFERROR(AK16/AJ16,"") | AR16: =IFERROR(AL16/AK16,"") | AS16: =IFERROR(AL16/AJ16,"") | AT16: =IFERROR(AN16/AL16,"") | AU16: =IFERROR(AM16/AL16,"") | AV16: =IFERROR(AI16/AL16,"") | AW16: =IFERROR(AO16/AL16,"") | AX16: =SUM(AX372:AX402) -> 0 | AY16: =SUM(AY372:AY402) -> 0 | AZ16: =SUM(AZ372:AZ402) -> 0 | BA16: =SUM(BA372:BA402) -> 0 | BB16: =IFERROR(AY16/AX16,"") | BC16: =IFERROR(AZ16/AX16,"") | BD16: =IFERROR(BA16/AX16,"")
K17: =IFERROR(C17/B17,"") | L17: =IFERROR(D17/(C17-E17),"") | M17: =IFERROR(#REF!/D17,"") | N17: =IFERROR(#REF!/D17,"") | S17: =IFERROR(D17/B17,"") | AA17: =IFERROR(V17/T17,"") | AB17: =IFERROR(W17/(V17-X17),"") | AC17: =IFERROR(#REF!/W17,"") | AD17: =IFERROR(#REF!/W17,"") | AG17: =IFERROR(W17/T17,"") | AP17: =IFERROR(AK17/AI17,"") | AQ17: =IFERROR(AL17/(AK17-AM17),"") | AR17: =IFERROR(#REF!/AL17,"") | AS17: =IFERROR(#REF!/AL17,"") | AV17: =IFERROR(AL17/AI17,"") | BB17: =IFERROR(AY17/AX17,"") | BC17: =IFERROR(AZ17/(AY17-BA17),"") | BD17: =IFERROR(#REF!/AZ17,"")
A18: TRIMESTRE | K18: =IFERROR(#REF!/#REF!,"") | AA18: =IFERROR(#REF!/#REF!,"") | AP18: =IFERROR(#REF!/#REF!,"") | BB18: =IFERROR(#REF!/#REF!,"")
A19: 1 | B19: =SUM(B5,B6,B7) -> 30 | C19: =SUM(C5,C6,C7) -> 15 | D19: =SUM(D5,D6,D7) -> 9 | E19: =SUM(E5,E6,E7) -> 1 | F19: =SUM(F5,F6,F7) -> 2 | G19: =SUM(G5,G6,G7) -> 4 | H19: =SUM(H5,H6,H7) -> 0 | I19: =SUM(I5,I6,I7) -> 0 | J19: =SUM(J5,J6,J7) -> 1 | K19: =IFERROR(C19/B19,"") -> 0.5 | L19: =IFERROR(D19/(C19-E19),"") -> 0.64285714 | M19: =IFERROR(F19/(C19-E19),"") -> 0.14285714 | N19: =IFERROR(G19/(C19-E19),"") -> 0.28571429 | O19: =IFERROR((C19-E19)/C19,"") -> 0.93333333 | P19: =IFERROR(H19/D19,"") -> 0 | Q19: =IFERROR(I19/D19,"") -> 0 | R19: =IFERROR(B19/D19,"") -> 3.3333333 | S19: =IFERROR(J19/D19,"") -> 0.11111111 | T19: =SUM(T5,T6,T7) -> 2 | U19: =SUM(U5,U6,U7) -> 0 | V19: =SUM(V5,V6,V7) -> 0 | W19: =SUM(W5,W6,W7) -> 3 | X19: =SUM(X5,X6,X7) -> 0 | Y19: =SUM(Y5,Y6,Y7) -> 0 | Z19: =SUM(Z5,Z6,Z7) -> 0 | AA19: =IFERROR(U19/T19,"") -> 0 | AB19: =IFERROR(V19/U19,"") | AC19: =IFERROR(W19/V19,"") | AD19: =IFERROR(W19/U19,"") | AE19: =IFERROR(Y19/W19,"") -> 0 | AF19: =IFERROR(X19/W19,"") -> 0 | AG19: =IFERROR(T19/W19,"") -> 0.66666667 | AH19: =IFERROR(Z19/W19,"") -> 0 | AI19: =SUM(AI5,AI6,AI7) -> 0 | AJ19: =SUM(AJ5,AJ6,AJ7) -> 0 | AK19: =SUM(AK5,AK6,AK7) -> 0 | AL19: =SUM(AL5,AL6,AL7) -> 0 | AM19: =SUM(AM5,AM6,AM7) -> 0 | AN19: =SUM(AN5,AN6,AN7) -> 0 | AO19: =SUM(AO5,AO6,AO7) -> 0 | AP19: =IFERROR(AJ19/AI19,"") | AQ19: =IFERROR(AK19/AJ19,"") | AR19: =IFERROR(AL19/AK19,"") | AS19: =IFERROR(AL19/AJ19,"") | AT19: =IFERROR(AN19/AL19,"") | AU19: =IFERROR(AM19/AL19,"") | AV19: =IFERROR(AI19/AL19,"") | AW19: =IFERROR(AO19/AL19,"") | AX19: =SUM(AX5,AX6,AX7) -> 32 | AY19: =SUM(AY5,AY6,AY7) -> 0 | AZ19: =SUM(AZ5,AZ6,AZ7) -> 0 | BA19: =SUM(BA5,BA6,BA7) -> 1 | BB19: =IFERROR(AY19/AX19,"") -> 0 | BC19: =IFERROR(AZ19/AX19,"") -> 0 | BD19: =IFERROR(BA19/AX19,"") -> 0.03125
A20: 2 | B20: =SUM(B8,B9,B10) -> 0 | C20: =SUM(C8,C9,C10) -> 0 | D20: =SUM(D8,D9,D10) -> 0 | E20: =SUM(E8,E9,E10) -> 0 | F20: =SUM(F8,F9,F10) -> 0 | G20: =SUM(G8,G9,G10) -> 0 | H20: =SUM(H8,H9,H10) -> 0 | I20: =SUM(I8,I9,I10) -> 0 | J20: =SUM(J8,J9,J10) -> 0 | K20: =IFERROR(C20/B20,"") | L20: =IFERROR(D20/(C20-E20),"") | M20: =IFERROR(F20/(C20-E20),"") | N20: =IFERROR(G20/(C20-E20),"") | O20: =IFERROR((C20-E20)/C20,"") | P20: =IFERROR(H20/D20,"") | Q20: =IFERROR(I20/D20,"") | R20: =IFERROR(B20/D20,"") | S20: =IFERROR(J20/D20,"") | T20: =SUM(T8,T9,T10) -> 0 | U20: =SUM(U8,U9,U10) -> 0 | V20: =SUM(V8,V9,V10) -> 0 | W20: =SUM(W8,W9,W10) -> 0 | X20: =SUM(X8,X9,X10) -> 0 | Y20: =SUM(Y8,Y9,Y10) -> 0 | Z20: =SUM(Z8,Z9,Z10) -> 0 | AA20: =IFERROR(U20/T20,"") | AB20: =IFERROR(V20/U20,"") | AC20: =IFERROR(W20/V20,"") | AD20: =IFERROR(W20/U20,"") | AE20: =IFERROR(Y20/W20,"") | AF20: =IFERROR(X20/W20,"") | AG20: =IFERROR(T20/W20,"") | AH20: =IFERROR(Z20/W20,"") | AI20: =SUM(AI8,AI9,AI10) -> 0 | AJ20: =SUM(AJ8,AJ9,AJ10) -> 0 | AK20: =SUM(AK8,AK9,AK10) -> 0 | AL20: =SUM(AL8,AL9,AL10) -> 0 | AM20: =SUM(AM8,AM9,AM10) -> 0 | AN20: =SUM(AN8,AN9,AN10) -> 0 | AO20: =SUM(AO8,AO9,AO10) -> 0 | AP20: =IFERROR(AJ20/AI20,"") | AQ20: =IFERROR(AK20/AJ20,"") | AR20: =IFERROR(AL20/AK20,"") | AS20: =IFERROR(AL20/AJ20,"") | AT20: =IFERROR(AN20/AL20,"") | AU20: =IFERROR(AM20/AL20,"") | AV20: =IFERROR(AI20/AL20,"") | AW20: =IFERROR(AO20/AL20,"") | AX20: =SUM(AX8,AX9,AX10) -> 0 | AY20: =SUM(AY8,AY9,AY10) -> 0 | AZ20: =SUM(AZ8,AZ9,AZ10) -> 0 | BA20: =SUM(BA8,BA9,BA10) -> 0 | BB20: =IFERROR(AY20/AX20,"") | BC20: =IFERROR(AZ20/AX20,"") | BD20: =IFERROR(BA20/AX20,"")
A21: 3 | B21: =SUM(B11,B12,B13) -> 0 | C21: =SUM(C11,C12,C13) -> 0 | D21: =SUM(D11,D12,D13) -> 0 | E21: =SUM(E11,E12,E13) -> 0 | F21: =SUM(F11,F12,F13) -> 0 | G21: =SUM(G11,G12,G13) -> 0 | H21: =SUM(H11,H12,H13) -> 0 | I21: =SUM(I11,I12,I13) -> 0 | J21: =SUM(J11,J12,J13) -> 0 | K21: =IFERROR(C21/B21,"") | L21: =IFERROR(D21/(C21-E21),"") | M21: =IFERROR(F21/(C21-E21),"") | N21: =IFERROR(G21/(C21-E21),"") | O21: =IFERROR((C21-E21)/C21,"") | P21: =IFERROR(H21/D21,"") | Q21: =IFERROR(I21/D21,"") | R21: =IFERROR(B21/D21,"") | S21: =IFERROR(J21/D21,"") | T21: =SUM(T11,T12,T13) -> 0 | U21: =SUM(U11,U12,U13) -> 0 | V21: =SUM(V11,V12,V13) -> 0 | W21: =SUM(W11,W12,W13) -> 0 | X21: =SUM(X11,X12,X13) -> 0 | Y21: =SUM(Y11,Y12,Y13) -> 0 | Z21: =SUM(Z11,Z12,Z13) -> 0 | AA21: =IFERROR(U21/T21,"") | AB21: =IFERROR(V21/U21,"") | AC21: =IFERROR(W21/V21,"") | AD21: =IFERROR(W21/U21,"") | AE21: =IFERROR(Y21/W21,"") | AF21: =IFERROR(X21/W21,"") | AG21: =IFERROR(T21/W21,"") | AH21: =IFERROR(Z21/W21,"") | AI21: =SUM(AI11,AI12,AI13) -> 0 | AJ21: =SUM(AJ11,AJ12,AJ13) -> 0 | AK21: =SUM(AK11,AK12,AK13) -> 0 | AL21: =SUM(AL11,AL12,AL13) -> 0 | AM21: =SUM(AM11,AM12,AM13) -> 0 | AN21: =SUM(AN11,AN12,AN13) -> 0 | AO21: =SUM(AO11,AO12,AO13) -> 0 | AP21: =IFERROR(AJ21/AI21,"") | AQ21: =IFERROR(AK21/AJ21,"") | AR21: =IFERROR(AL21/AK21,"") | AS21: =IFERROR(AL21/AJ21,"") | AT21: =IFERROR(AN21/AL21,"") | AU21: =IFERROR(AM21/AL21,"") | AV21: =IFERROR(AI21/AL21,"") | AW21: =IFERROR(AO21/AL21,"") | AX21: =SUM(AX11,AX12,AX13) -> 0 | AY21: =SUM(AY11,AY12,AY13) -> 0 | AZ21: =SUM(AZ11,AZ12,AZ13) -> 0 | BA21: =SUM(BA11,BA12,BA13) -> 0 | BB21: =IFERROR(AY21/AX21,"") | BC21: =IFERROR(AZ21/AX21,"") | BD21: =IFERROR(BA21/AX21,"")
A22: 4 | B22: =SUM(B14,B15,B16) -> 0 | C22: =SUM(C14,C15,C16) -> 0 | D22: =SUM(D14,D15,D16) -> 0 | E22: =SUM(E14,E15,E16) -> 0 | F22: =SUM(F14,F15,F16) -> 0 | G22: =SUM(G14,G15,G16) -> 0 | H22: =SUM(H14,H15,H16) -> 0 | I22: =SUM(I14,I15,I16) -> 0 | J22: =SUM(J14,J15,J16) -> 0 | K22: =IFERROR(C22/B22,"") | L22: =IFERROR(D22/(C22-E22),"") | M22: =IFERROR(F22/(C22-E22),"") | N22: =IFERROR(G22/(C22-E22),"") | O22: =IFERROR((C22-E22)/C22,"") | P22: =IFERROR(H22/D22,"") | Q22: =IFERROR(I22/D22,"") | R22: =IFERROR(B22/D22,"") | S22: =IFERROR(J22/D22,"") | T22: =SUM(T14,T15,T16) -> 0 | U22: =SUM(U14,U15,U16) -> 0 | V22: =SUM(V14,V15,V16) -> 0 | W22: =SUM(W14,W15,W16) -> 0 | X22: =SUM(X14,X15,X16) -> 0 | Y22: =SUM(Y14,Y15,Y16) -> 0 | Z22: =SUM(Z14,Z15,Z16) -> 0 | AA22: =IFERROR(U22/T22,"") | AB22: =IFERROR(V22/U22,"") | AC22: =IFERROR(W22/V22,"") | AD22: =IFERROR(W22/U22,"") | AE22: =IFERROR(Y22/W22,"") | AF22: =IFERROR(X22/W22,"") | AG22: =IFERROR(T22/W22,"") | AH22: =IFERROR(Z22/W22,"") | AI22: =SUM(AI14,AI15,AI16) -> 0 | AJ22: =SUM(AJ14,AJ15,AJ16) -> 0 | AK22: =SUM(AK14,AK15,AK16) -> 0 | AL22: =SUM(AL14,AL15,AL16) -> 0 | AM22: =SUM(AM14,AM15,AM16) -> 0 | AN22: =SUM(AN14,AN15,AN16) -> 0 | AO22: =SUM(AO14,AO15,AO16) -> 0 | AP22: =IFERROR(AJ22/AI22,"") | AQ22: =IFERROR(AK22/AJ22,"") | AR22: =IFERROR(AL22/AK22,"") | AS22: =IFERROR(AL22/AJ22,"") | AT22: =IFERROR(AN22/AL22,"") | AU22: =IFERROR(AM22/AL22,"") | AV22: =IFERROR(AI22/AL22,"") | AW22: =IFERROR(AO22/AL22,"") | AX22: =SUM(AX14,AX15,AX16) -> 0 | AY22: =SUM(AY14,AY15,AY16) -> 0 | AZ22: =SUM(AZ14,AZ15,AZ16) -> 0 | BA22: =SUM(BA14,BA15,BA16) -> 0 | BB22: =IFERROR(AY22/AX22,"") | BC22: =IFERROR(AZ22/AX22,"") | BD22: =IFERROR(BA22/AX22,"")
A23: ANNÉE | K23: =IFERROR(#REF!/#REF!,"") | AA23: =IFERROR(#REF!/#REF!,"") | AP23: =IFERROR(#REF!/#REF!,"") | BB23: =IFERROR(#REF!/#REF!,"")
A24: 2025 | B24: =SUM(B19,B20,B21,B22) -> 30 | C24: =SUM(C19,C20,C21,C22) -> 15 | D24: =SUM(D19,D20,D21,D22) -> 9 | E24: =SUM(E19,E20,E21,E22) -> 1 | F24: =SUM(F19,F20,F21,F22) -> 2 | G24: =SUM(G19,G20,G21,G22) -> 4 | H24: =SUM(H19,H20,H21,H22) -> 0 | I24: =SUM(I19,I20,I21,I22) -> 0 | J24: =SUM(J19,J20,J21,J22) -> 1 | K24: =IFERROR(C24/B24,"") -> 0.5 | L24: =IFERROR(D24/(C24-E24),"") -> 0.64285714 | M24: =IFERROR(F24/(C24-E24),"") -> 0.14285714 | N24: =IFERROR(G24/(C24-E24),"") -> 0.28571429 | O24: =IFERROR((C24-E24)/C24,"") -> 0.93333333 | P24: =IFERROR(H24/D24,"") -> 0 | Q24: =IFERROR(I24/D24,"") -> 0 | R24: =IFERROR(B24/D24,"") -> 3.3333333 | S24: =IFERROR(J24/D24,"") -> 0.11111111 | T24: =SUM(T19,T20,T21,T22) -> 2 | U24: =SUM(U19,U20,U21,U22) -> 0 | V24: =SUM(V19,V20,V21,V22) -> 0 | W24: =SUM(W19,W20,W21,W22) -> 3 | X24: =SUM(X19,X20,X21,X22) -> 0 | Y24: =SUM(Y19,Y20,Y21,Y22) -> 0 | Z24: =SUM(Z19,Z20,Z21,Z22) -> 0 | AA24: =IFERROR(U24/T24,"") -> 0 | AB24: =IFERROR(V24/U24,"") | AC24: =IFERROR(W24/V24,"") | AD24: =IFERROR(W24/U24,"") | AE24: =IFERROR(Y24/W24,"") -> 0 | AF24: =IFERROR(X24/W24,"") -> 0 | AG24: =IFERROR(T24/W24,"") -> 0.66666667 | AH24: =IFERROR(Z24/W24,"") -> 0 | AI24: =SUM(AI19,AI20,AI21,AI22) -> 0 | AJ24: =SUM(AJ19,AJ20,AJ21,AJ22) -> 0 | AK24: =SUM(AK19,AK20,AK21,AK22) -> 0 | AL24: =SUM(AL19,AL20,AL21,AL22) -> 0 | AM24: =SUM(AM19,AM20,AM21,AM22) -> 0 | AN24: =SUM(AN19,AN20,AN21,AN22) -> 0 | AO24: =SUM(AO19,AO20,AO21,AO22) -> 0 | AP24: =IFERROR(AJ24/AI24,"") | AQ24: =IFERROR(AK24/AJ24,"") | AR24: =IFERROR(AL24/AK24,"") | AS24: =IFERROR(AL24/AJ24,"") | AT24: =IFERROR(AN24/AL24,"") | AU24: =IFERROR(AM24/AL24,"") | AV24: =IFERROR(AI24/AL24,"") | AW24: =IFERROR(AO24/AL24,"") | AX24: =SUM(AX19,AX20,AX21,AX22) -> 32 | AY24: =SUM(AY19,AY20,AY21,AY22) -> 0 | AZ24: =SUM(AZ19,AZ20,AZ21,AZ22) -> 0 | BA24: =SUM(BA19,BA20,BA21,BA22) -> 1 | BB24: =IFERROR(AY24/AX24,"") -> 0 | BC24: =IFERROR(AZ24/AX24,"") -> 0 | BD24: =IFERROR(BA24/AX24,"") -> 0.03125
A26: 44927 | B26: =SUM(David!B26,Dave!B26,'Setter 5'!B26,Rosalie!B26,'Setter 8'!B26,'Setter 7'!B26,'Setter 6'!B26,Fabien!B26,'Setter 9'!B26,'Setter 10'!B26) -> 0 | C26: =SUM(David!C26,Dave!C26,'Setter 5'!C26,Rosalie!C26,'Setter 8'!C26,'Setter 7'!C26,'Setter 6'!C26,Fabien!C26,'Setter 9'!C26,'Setter 10'!C26) -> 0 | D26: =SUM(David!D26,Dave!D26,'Setter 5'!D26,Rosalie!D26,'Setter 8'!D26,'Setter 7'!D26,'Setter 6'!D26,Fabien!D26,'Setter 9'!D26,'Setter 10'!D26) -> 0 | E26: =SUM(David!E26,Dave!E26,'Setter 5'!E26,Rosalie!E26,'Setter 8'!E26,'Setter 7'!E26,'Setter 6'!E26,Fabien!E26,'Setter 9'!E26,'Setter 10'!E26) -> 0 | F26: =SUM(David!F26,Dave!F26,'Setter 5'!F26,Rosalie!F26,'Setter 8'!F26,'Setter 7'!F26,'Setter 6'!F26,Fabien!F26,'Setter 9'!F26,'Setter 10'!F26) -> 0 | G26: =SUM(David!G26,Dave!G26,'Setter 5'!G26,Rosalie!G26,'Setter 8'!G26,'Setter 7'!G26,'Setter 6'!G26,Fabien!G26,'Setter 9'!G26,'Setter 10'!G26) -> 0 | H26: =SUM(David!H26,Dave!H26,'Setter 5'!H26,Rosalie!H26,'Setter 8'!H26,'Setter 7'!H26,'Setter 6'!H26,Fabien!H26,'Setter 9'!H26,'Setter 10'!H26) -> 0 | I26: =SUM(David!I26,Dave!I26,'Setter 5'!I26,Rosalie!I26,'Setter 8'!I26,'Setter 7'!I26,'Setter 6'!I26,Fabien!I26,'Setter 9'!I26,'Setter 10'!I26) -> 0 | J26: =SUM(David!J26,Dave!G26,'Setter 5'!G26,Rosalie!G26,'Setter 8'!G26,'Setter 7'!G26,'Setter 6'!G26,Fabien!G26,'Setter 9'!G26,'Setter 10'!G26) -> 0 | K26: =IFERROR(C26/B26,"") | L26: =IFERROR(D26/(C26-E26),"") | M26: =IFERROR(F26/(C26-E26),"") | N26: =IFERROR(G26/(C26-E26),"") | O26: =IFERROR((C26-E26)/C26,"") | P26: =IFERROR(H26/D26,"") | Q26: =IFERROR(I26/D26,"") | R26: =IFERROR(B26/D26,"") | S26: =IFERROR(J26/D26,"") | T26: =SUM(David!T26,Dave!O26,'Setter 5'!O26,Rosalie!O26,'Setter 8'!O26,'Setter 7'!O26,'Setter 6'!O26,Fabien!O26,'Setter 9'!O26,'Setter 10'!O26) -> 0 | U26: =SUM(David!U26,Dave!P26,'Setter 5'!P26,Rosalie!P26,'Setter 8'!P26,'Setter 7'!P26,'Setter 6'!P26,Fabien!P26,'Setter 9'!P26,'Setter 10'!P26) -> 0 | V26: =SUM(David!V26,Dave!Q26,'Setter 5'!Q26,Rosalie!Q26,'Setter 8'!Q26,'Setter 7'!Q26,'Setter 6'!Q26,Fabien!Q26,'Setter 9'!Q26,'Setter 10'!Q26) -> 0 | W26: =SUM(David!W26,Dave!R26,'Setter 5'!R26,Rosalie!R26,'Setter 8'!R26,'Setter 7'!R26,'Setter 6'!R26,Fabien!R26,'Setter 9'!R26,'Setter 10'!R26) -> 0 | X26: =SUM(David!X26,Dave!S26,'Setter 5'!S26,Rosalie!S26,'Setter 8'!S26,'Setter 7'!S26,'Setter 6'!S26,Fabien!S26,'Setter 9'!S26,'Setter 10'!S26) -> 0 | Y26: =SUM(David!Y26,Dave!T26,'Setter 5'!T26,Rosalie!T26,'Setter 8'!T26,'Setter 7'!T26,'Setter 6'!T26,Fabien!T26,'Setter 9'!T26,'Setter 10'!T26) -> 0 | Z26: =SUM(David!Z26,Dave!U26,'Setter 5'!U26,Rosalie!U26,'Setter 8'!U26,'Setter 7'!U26,'Setter 6'!U26,Fabien!U26,'Setter 9'!U26,'Setter 10'!U26) -> 0 | AA26: =IFERROR(U26/T26,"") | AB26: =IFERROR(V26/U26,"") | AC26: =IFERROR(W26/V26,"") | AD26: =IFERROR(W26/U26,"") | AE26: =IFERROR(Y26/W26,"") | AF26: =IFERROR(X26/W26,"") | AG26: =IFERROR(T26/W26,"") | AH26: =IFERROR(Z26/W26,"") | AI26: =SUM(David!AI26,Dave!AB26,'Setter 5'!AB26,Rosalie!AB26,'Setter 8'!AB26,'Setter 7'!AB26,'Setter 6'!AB26,Fabien!AB26,'Setter 9'!AB26,'Setter 10'!AB26) -> 0 | AJ26: =SUM(David!AJ26,Dave!AC26,'Setter 5'!AC26,Rosalie!AC26,'Setter 8'!AC26,'Setter 7'!AC26,'Setter 6'!AC26,Fabien!AC26,'Setter 9'!AC26,'Setter 10'!AC26) -> 0 | AK26: =SUM(David!AK26,Dave!AD26,'Setter 5'!AD26,Rosalie!AD26,'Setter 8'!AD26,'Setter 7'!AD26,'Setter 6'!AD26,Fabien!AD26,'Setter 9'!AD26,'Setter 10'!AD26) -> 0 | AL26: =SUM(David!AL26,Dave!AE26,'Setter 5'!AE26,Rosalie!AE26,'Setter 8'!AE26,'Setter 7'!AE26,'Setter 6'!AE26,Fabien!AE26,'Setter 9'!AE26,'Setter 10'!AE26) -> 0 | AM26: =SUM(David!AM26,Dave!AF26,'Setter 5'!AF26,Rosalie!AF26,'Setter 8'!AF26,'Setter 7'!AF26,'Setter 6'!AF26,Fabien!AF26,'Setter 9'!AF26,'Setter 10'!AF26) -> 0 | AN26: =SUM(David!AN26,Dave!AG26,'Setter 5'!AG26,Rosalie!AG26,'Setter 8'!AG26,'Setter 7'!AG26,'Setter 6'!AG26,Fabien!AG26,'Setter 9'!AG26,'Setter 10'!AG26) -> 0 | AO26: =SUM(David!AO26,Dave!AH26,'Setter 5'!AH26,Rosalie!AH26,'Setter 8'!AH26,'Setter 7'!AH26,'Setter 6'!AH26,Fabien!AH26,'Setter 9'!AH26,'Setter 10'!AH26) -> 0 | AP26: =IFERROR(AO26/AI26,"") | AQ26: =IFERROR(AJ26/AI26,"") | AX26: =T26+B26+AI26 -> 0 | AY26: =AM26+X26+H26 -> 0 | AZ26: =AN26+I26 -> 0 | BA26: =AO26+J26 -> 0 | BB26: =IFERROR(AY26/AX26,"") | BC26: =IFERROR(AZ26/AX26,"") | BD26: =IFERROR(BA26/AX26,"")
A27: 44928 | B27: =SUM(David!B27,Dave!B27,'Setter 5'!B27,Rosalie!B27,'Setter 8'!B27,'Setter 7'!B27,'Setter 6'!B27,Fabien!B27,'Setter 9'!B27,'Setter 10'!B27) -> 0 | C27: =SUM(David!C27,Dave!C27,'Setter 5'!C27,Rosalie!C27,'Setter 8'!C27,'Setter 7'!C27,'Setter 6'!C27,Fabien!C27,'Setter 9'!C27,'Setter 10'!C27) -> 0 | D27: =SUM(David!D27,Dave!D27,'Setter 5'!D27,Rosalie!D27,'Setter 8'!D27,'Setter 7'!D27,'Setter 6'!D27,Fabien!D27,'Setter 9'!D27,'Setter 10'!D27) -> 0 | E27: =SUM(David!E27,Dave!E27,'Setter 5'!E27,Rosalie!E27,'Setter 8'!E27,'Setter 7'!E27,'Setter 6'!E27,Fabien!E27,'Setter 9'!E27,'Setter 10'!E27) -> 0 | F27: =SUM(David!F27,Dave!F27,'Setter 5'!F27,Rosalie!F27,'Setter 8'!F27,'Setter 7'!F27,'Setter 6'!F27,Fabien!F27,'Setter 9'!F27,'Setter 10'!F27) -> 0 | G27: =SUM(David!G27,Dave!G27,'Setter 5'!G27,Rosalie!G27,'Setter 8'!G27,'Setter 7'!G27,'Setter 6'!G27,Fabien!G27,'Setter 9'!G27,'Setter 10'!G27) -> 0 | H27: =SUM(David!H27,Dave!H27,'Setter 5'!H27,Rosalie!H27,'Setter 8'!H27,'Setter 7'!H27,'Setter 6'!H27,Fabien!H27,'Setter 9'!H27,'Setter 10'!H27) -> 0 | I27: =SUM(David!I27,Dave!I27,'Setter 5'!I27,Rosalie!I27,'Setter 8'!I27,'Setter 7'!I27,'Setter 6'!I27,Fabien!I27,'Setter 9'!I27,'Setter 10'!I27) -> 0 | J27: =SUM(David!J27,Dave!G27,'Setter 5'!G27,Rosalie!G27,'Setter 8'!G27,'Setter 7'!G27,'Setter 6'!G27,Fabien!G27,'Setter 9'!G27,'Setter 10'!G27) -> 0 | K27: =IFERROR(C27/B27,"") | L27: =IFERROR(D27/(C27-E27),"") | M27: =IFERROR(F27/(C27-E27),"") | N27: =IFERROR(G27/(C27-E27),"") | O27: =IFERROR((C27-E27)/C27,"") | P27: =IFERROR(H27/D27,"") | Q27: =IFERROR(I27/D27,"") | R27: =IFERROR(B27/D27,"") | S27: =IFERROR(J27/D27,"") | T27: =SUM(David!T27,Dave!O27,'Setter 5'!O27,Rosalie!O27,'Setter 8'!O27,'Setter 7'!O27,'Setter 6'!O27,Fabien!O27,'Setter 9'!O27,'Setter 10'!O27) -> 0 | U27: =SUM(David!U27,Dave!P27,'Setter 5'!P27,Rosalie!P27,'Setter 8'!P27,'Setter 7'!P27,'Setter 6'!P27,Fabien!P27,'Setter 9'!P27,'Setter 10'!P27) -> 0 | V27: =SUM(David!V27,Dave!Q27,'Setter 5'!Q27,Rosalie!Q27,'Setter 8'!Q27,'Setter 7'!Q27,'Setter 6'!Q27,Fabien!Q27,'Setter 9'!Q27,'Setter 10'!Q27) -> 0 | W27: =SUM(David!W27,Dave!R27,'Setter 5'!R27,Rosalie!R27,'Setter 8'!R27,'Setter 7'!R27,'Setter 6'!R27,Fabien!R27,'Setter 9'!R27,'Setter 10'!R27) -> 0 | X27: =SUM(David!X27,Dave!S27,'Setter 5'!S27,Rosalie!S27,'Setter 8'!S27,'Setter 7'!S27,'Setter 6'!S27,Fabien!S27,'Setter 9'!S27,'Setter 10'!S27) -> 0 | Y27: =SUM(David!Y27,Dave!T27,'Setter 5'!T27,Rosalie!T27,'Setter 8'!T27,'Setter 7'!T27,'Setter 6'!T27,Fabien!T27,'Setter 9'!T27,'Setter 10'!T27) -> 0 | Z27: =SUM(David!Z27,Dave!U27,'Setter 5'!U27,Rosalie!U27,'Setter 8'!U27,'Setter 7'!U27,'Setter 6'!U27,Fabien!U27,'Setter 9'!U27,'Setter 10'!U27) -> 0 | AA27: =IFERROR(U27/T27,"") | AB27: =IFERROR(V27/U27,"") | AC27: =IFERROR(W27/V27,"") | AD27: =IFERROR(W27/U27,"") | AE27: =IFERROR(Y27/W27,"") | AF27: =IFERROR(X27/W27,"") | AG27: =IFERROR(T27/W27,"") | AH27: =IFERROR(Z27/W27,"") | AI27: =SUM(David!AI27,Dave!AB27,'Setter 5'!AB27,Rosalie!AB27,'Setter 8'!AB27,'Setter 7'!AB27,'Setter 6'!AB27,Fabien!AB27,'Setter 9'!AB27,'Setter 10'!AB27) -> 0 | AJ27: =SUM(David!AJ27,Dave!AC27,'Setter 5'!AC27,Rosalie!AC27,'Setter 8'!AC27,'Setter 7'!AC27,'Setter 6'!AC27,Fabien!AC27,'Setter 9'!AC27,'Setter 10'!AC27) -> 0 | AK27: =SUM(David!AK27,Dave!AD27,'Setter 5'!AD27,Rosalie!AD27,'Setter 8'!AD27,'Setter 7'!AD27,'Setter 6'!AD27,Fabien!AD27,'Setter 9'!AD27,'Setter 10'!AD27) -> 0 | AL27: =SUM(David!AL27,Dave!AE27,'Setter 5'!AE27,Rosalie!AE27,'Setter 8'!AE27,'Setter 7'!AE27,'Setter 6'!AE27,Fabien!AE27,'Setter 9'!AE27,'Setter 10'!AE27) -> 0 | AM27: =SUM(David!AM27,Dave!AF27,'Setter 5'!AF27,Rosalie!AF27,'Setter 8'!AF27,'Setter 7'!AF27,'Setter 6'!AF27,Fabien!AF27,'Setter 9'!AF27,'Setter 10'!AF27) -> 0 | AN27: =SUM(David!AN27,Dave!AG27,'Setter 5'!AG27,Rosalie!AG27,'Setter 8'!AG27,'Setter 7'!AG27,'Setter 6'!AG27,Fabien!AG27,'Setter 9'!AG27,'Setter 10'!AG27) -> 0 | AO27: =SUM(David!AO27,Dave!AH27,'Setter 5'!AH27,Rosalie!AH27,'Setter 8'!AH27,'Setter 7'!AH27,'Setter 6'!AH27,Fabien!AH27,'Setter 9'!AH27,'Setter 10'!AH27) -> 0 | AP27: =IFERROR(AO27/AI27,"") | AQ27: =IFERROR(AJ27/AI27,"") | AX27: =T27+B27+AI27 -> 0 | AY27: =AM27+X27+H27 -> 0 | AZ27: =AN27+I27 -> 0 | BA27: =AO27+J27 -> 0 | BB27: =IFERROR(AY27/AX27,"") | BC27: =IFERROR(AZ27/AX27,"") | BD27: =IFERROR(BA27/AX27,"")
A28: 44929 | B28: =SUM(David!B28,Dave!B28,'Setter 5'!B28,Rosalie!B28,'Setter 8'!B28,'Setter 7'!B28,'Setter 6'!B28,Fabien!B28,'Setter 9'!B28,'Setter 10'!B28) -> 0 | C28: =SUM(David!C28,Dave!C28,'Setter 5'!C28,Rosalie!C28,'Setter 8'!C28,'Setter 7'!C28,'Setter 6'!C28,Fabien!C28,'Setter 9'!C28,'Setter 10'!C28) -> 0 | D28: =SUM(David!D28,Dave!D28,'Setter 5'!D28,Rosalie!D28,'Setter 8'!D28,'Setter 7'!D28,'Setter 6'!D28,Fabien!D28,'Setter 9'!D28,'Setter 10'!D28) -> 0 | E28: =SUM(David!E28,Dave!E28,'Setter 5'!E28,Rosalie!E28,'Setter 8'!E28,'Setter 7'!E28,'Setter 6'!E28,Fabien!E28,'Setter 9'!E28,'Setter 10'!E28) -> 0 | F28: =SUM(David!F28,Dave!F28,'Setter 5'!F28,Rosalie!F28,'Setter 8'!F28,'Setter 7'!F28,'Setter 6'!F28,Fabien!F28,'Setter 9'!F28,'Setter 10'!F28) -> 0 | G28: =SUM(David!G28,Dave!G28,'Setter 5'!G28,Rosalie!G28,'Setter 8'!G28,'Setter 7'!G28,'Setter 6'!G28,Fabien!G28,'Setter 9'!G28,'Setter 10'!G28) -> 0 | H28: =SUM(David!H28,Dave!H28,'Setter 5'!H28,Rosalie!H28,'Setter 8'!H28,'Setter 7'!H28,'Setter 6'!H28,Fabien!H28,'Setter 9'!H28,'Setter 10'!H28) -> 0 | I28: =SUM(David!I28,Dave!I28,'Setter 5'!I28,Rosalie!I28,'Setter 8'!I28,'Setter 7'!I28,'Setter 6'!I28,Fabien!I28,'Setter 9'!I28,'Setter 10'!I28) -> 0 | J28: =SUM(David!J28,Dave!G28,'Setter 5'!G28,Rosalie!G28,'Setter 8'!G28,'Setter 7'!G28,'Setter 6'!G28,Fabien!G28,'Setter 9'!G28,'Setter 10'!G28) -> 0 | K28: =IFERROR(C28/B28,"") | L28: =IFERROR(D28/(C28-E28),"") | M28: =IFERROR(F28/(C28-E28),"") | N28: =IFERROR(G28/(C28-E28),"") | O28: =IFERROR((C28-E28)/C28,"") | P28: =IFERROR(H28/D28,"") | Q28: =IFERROR(I28/D28,"") | R28: =IFERROR(B28/D28,"") | S28: =IFERROR(J28/D28,"") | T28: =SUM(David!T28,Dave!O28,'Setter 5'!O28,Rosalie!O28,'Setter 8'!O28,'Setter 7'!O28,'Setter 6'!O28,Fabien!O28,'Setter 9'!O28,'Setter 10'!O28) -> 0 | U28: =SUM(David!U28,Dave!P28,'Setter 5'!P28,Rosalie!P28,'Setter 8'!P28,'Setter 7'!P28,'Setter 6'!P28,Fabien!P28,'Setter 9'!P28,'Setter 10'!P28) -> 0 | V28: =SUM(David!V28,Dave!Q28,'Setter 5'!Q28,Rosalie!Q28,'Setter 8'!Q28,'Setter 7'!Q28,'Setter 6'!Q28,Fabien!Q28,'Setter 9'!Q28,'Setter 10'!Q28) -> 0 | W28: =SUM(David!W28,Dave!R28,'Setter 5'!R28,Rosalie!R28,'Setter 8'!R28,'Setter 7'!R28,'Setter 6'!R28,Fabien!R28,'Setter 9'!R28,'Setter 10'!R28) -> 0 | X28: =SUM(David!X28,Dave!S28,'Setter 5'!S28,Rosalie!S28,'Setter 8'!S28,'Setter 7'!S28,'Setter 6'!S28,Fabien!S28,'Setter 9'!S28,'Setter 10'!S28) -> 0 | Y28: =SUM(David!Y28,Dave!T28,'Setter 5'!T28,Rosalie!T28,'Setter 8'!T28,'Setter 7'!T28,'Setter 6'!T28,Fabien!T28,'Setter 9'!T28,'Setter 10'!T28) -> 0 | Z28: =SUM(David!Z28,Dave!U28,'Setter 5'!U28,Rosalie!U28,'Setter 8'!U28,'Setter 7'!U28,'Setter 6'!U28,Fabien!U28,'Setter 9'!U28,'Setter 10'!U28) -> 0 | AA28: =IFERROR(U28/T28,"") | AB28: =IFERROR(V28/U28,"") | AC28: =IFERROR(W28/V28,"") | AD28: =IFERROR(W28/U28,"") | AE28: =IFERROR(Y28/W28,"") | AF28: =IFERROR(X28/W28,"") | AG28: =IFERROR(T28/W28,"") | AH28: =IFERROR(Z28/W28,"") | AI28: =SUM(David!AI28,Dave!AB28,'Setter 5'!AB28,Rosalie!AB28,'Setter 8'!AB28,'Setter 7'!AB28,'Setter 6'!AB28,Fabien!AB28,'Setter 9'!AB28,'Setter 10'!AB28) -> 0 | AJ28: =SUM(David!AJ28,Dave!AC28,'Setter 5'!AC28,Rosalie!AC28,'Setter 8'!AC28,'Setter 7'!AC28,'Setter 6'!AC28,Fabien!AC28,'Setter 9'!AC28,'Setter 10'!AC28) -> 0 | AK28: =SUM(David!AK28,Dave!AD28,'Setter 5'!AD28,Rosalie!AD28,'Setter 8'!AD28,'Setter 7'!AD28,'Setter 6'!AD28,Fabien!AD28,'Setter 9'!AD28,'Setter 10'!AD28) -> 0 | AL28: =SUM(David!AL28,Dave!AE28,'Setter 5'!AE28,Rosalie!AE28,'Setter 8'!AE28,'Setter 7'!AE28,'Setter 6'!AE28,Fabien!AE28,'Setter 9'!AE28,'Setter 10'!AE28) -> 0 | AM28: =SUM(David!AM28,Dave!AF28,'Setter 5'!AF28,Rosalie!AF28,'Setter 8'!AF28,'Setter 7'!AF28,'Setter 6'!AF28,Fabien!AF28,'Setter 9'!AF28,'Setter 10'!AF28) -> 0 | AN28: =SUM(David!AN28,Dave!AG28,'Setter 5'!AG28,Rosalie!AG28,'Setter 8'!AG28,'Setter 7'!AG28,'Setter 6'!AG28,Fabien!AG28,'Setter 9'!AG28,'Setter 10'!AG28) -> 0 | AO28: =SUM(David!AO28,Dave!AH28,'Setter 5'!AH28,Rosalie!AH28,'Setter 8'!AH28,'Setter 7'!AH28,'Setter 6'!AH28,Fabien!AH28,'Setter 9'!AH28,'Setter 10'!AH28) -> 0 | AP28: =IFERROR(AO28/AI28,"") | AQ28: =IFERROR(AJ28/AI28,"") | AX28: =T28+B28+AI28 -> 0 | AY28: =AM28+X28+H28 -> 0 | AZ28: =AN28+I28 -> 0 | BA28: =AO28+J28 -> 0 | BB28: =IFERROR(AY28/AX28,"") | BC28: =IFERROR(AZ28/AX28,"") | BD28: =IFERROR(BA28/AX28,"")
A29: 44930 | B29: =SUM(David!B29,Dave!B29,'Setter 5'!B29,Rosalie!B29,'Setter 8'!B29,'Setter 7'!B29,'Setter 6'!B29,Fabien!B29,'Setter 9'!B29,'Setter 10'!B29) -> 0 | C29: =SUM(David!C29,Dave!C29,'Setter 5'!C29,Rosalie!C29,'Setter 8'!C29,'Setter 7'!C29,'Setter 6'!C29,Fabien!C29,'Setter 9'!C29,'Setter 10'!C29) -> 0 | D29: =SUM(David!D29,Dave!D29,'Setter 5'!D29,Rosalie!D29,'Setter 8'!D29,'Setter 7'!D29,'Setter 6'!D29,Fabien!D29,'Setter 9'!D29,'Setter 10'!D29) -> 0 | E29: =SUM(David!E29,Dave!E29,'Setter 5'!E29,Rosalie!E29,'Setter 8'!E29,'Setter 7'!E29,'Setter 6'!E29,Fabien!E29,'Setter 9'!E29,'Setter 10'!E29) -> 0 | F29: =SUM(David!F29,Dave!F29,'Setter 5'!F29,Rosalie!F29,'Setter 8'!F29,'Setter 7'!F29,'Setter 6'!F29,Fabien!F29,'Setter 9'!F29,'Setter 10'!F29) -> 0 | G29: =SUM(David!G29,Dave!G29,'Setter 5'!G29,Rosalie!G29,'Setter 8'!G29,'Setter 7'!G29,'Setter 6'!G29,Fabien!G29,'Setter 9'!G29,'Setter 10'!G29) -> 0 | H29: =SUM(David!H29,Dave!H29,'Setter 5'!H29,Rosalie!H29,'Setter 8'!H29,'Setter 7'!H29,'Setter 6'!H29,Fabien!H29,'Setter 9'!H29,'Setter 10'!H29) -> 0 | I29: =SUM(David!I29,Dave!I29,'Setter 5'!I29,Rosalie!I29,'Setter 8'!I29,'Setter 7'!I29,'Setter 6'!I29,Fabien!I29,'Setter 9'!I29,'Setter 10'!I29) -> 0 | J29: =SUM(David!J29,Dave!G29,'Setter 5'!G29,Rosalie!G29,'Setter 8'!G29,'Setter 7'!G29,'Setter 6'!G29,Fabien!G29,'Setter 9'!G29,'Setter 10'!G29) -> 0 | K29: =IFERROR(C29/B29,"") | L29: =IFERROR(D29/(C29-E29),"") | M29: =IFERROR(F29/(C29-E29),"") | N29: =IFERROR(G29/(C29-E29),"") | O29: =IFERROR((C29-E29)/C29,"") | P29: =IFERROR(H29/D29,"") | Q29: =IFERROR(I29/D29,"") | R29: =IFERROR(B29/D29,"") | S29: =IFERROR(J29/D29,"") | T29: =SUM(David!T29,Dave!O29,'Setter 5'!O29,Rosalie!O29,'Setter 8'!O29,'Setter 7'!O29,'Setter 6'!O29,Fabien!O29,'Setter 9'!O29,'Setter 10'!O29) -> 0 | U29: =SUM(David!U29,Dave!P29,'Setter 5'!P29,Rosalie!P29,'Setter 8'!P29,'Setter 7'!P29,'Setter 6'!P29,Fabien!P29,'Setter 9'!P29,'Setter 10'!P29) -> 0 | V29: =SUM(David!V29,Dave!Q29,'Setter 5'!Q29,Rosalie!Q29,'Setter 8'!Q29,'Setter 7'!Q29,'Setter 6'!Q29,Fabien!Q29,'Setter 9'!Q29,'Setter 10'!Q29) -> 0 | W29: =SUM(David!W29,Dave!R29,'Setter 5'!R29,Rosalie!R29,'Setter 8'!R29,'Setter 7'!R29,'Setter 6'!R29,Fabien!R29,'Setter 9'!R29,'Setter 10'!R29) -> 0 | X29: =SUM(David!X29,Dave!S29,'Setter 5'!S29,Rosalie!S29,'Setter 8'!S29,'Setter 7'!S29,'Setter 6'!S29,Fabien!S29,'Setter 9'!S29,'Setter 10'!S29) -> 0 | Y29: =SUM(David!Y29,Dave!T29,'Setter 5'!T29,Rosalie!T29,'Setter 8'!T29,'Setter 7'!T29,'Setter 6'!T29,Fabien!T29,'Setter 9'!T29,'Setter 10'!T29) -> 0 | Z29: =SUM(David!Z29,Dave!U29,'Setter 5'!U29,Rosalie!U29,'Setter 8'!U29,'Setter 7'!U29,'Setter 6'!U29,Fabien!U29,'Setter 9'!U29,'Setter 10'!U29) -> 0 | AA29: =IFERROR(U29/T29,"") | AB29: =IFERROR(V29/U29,"") | AC29: =IFERROR(W29/V29,"") | AD29: =IFERROR(W29/U29,"") | AE29: =IFERROR(Y29/W29,"") | AF29: =IFERROR(X29/W29,"") | AG29: =IFERROR(T29/W29,"") | AH29: =IFERROR(Z29/W29,"") | AI29: =SUM(David!AI29,Dave!AB29,'Setter 5'!AB29,Rosalie!AB29,'Setter 8'!AB29,'Setter 7'!AB29,'Setter 6'!AB29,Fabien!AB29,'Setter 9'!AB29,'Setter 10'!AB29) -> 0 | AJ29: =SUM(David!AJ29,Dave!AC29,'Setter 5'!AC29,Rosalie!AC29,'Setter 8'!AC29,'Setter 7'!AC29,'Setter 6'!AC29,Fabien!AC29,'Setter 9'!AC29,'Setter 10'!AC29) -> 0 | AK29: =SUM(David!AK29,Dave!AD29,'Setter 5'!AD29,Rosalie!AD29,'Setter 8'!AD29,'Setter 7'!AD29,'Setter 6'!AD29,Fabien!AD29,'Setter 9'!AD29,'Setter 10'!AD29) -> 0 | AL29: =SUM(David!AL29,Dave!AE29,'Setter 5'!AE29,Rosalie!AE29,'Setter 8'!AE29,'Setter 7'!AE29,'Setter 6'!AE29,Fabien!AE29,'Setter 9'!AE29,'Setter 10'!AE29) -> 0 | AM29: =SUM(David!AM29,Dave!AF29,'Setter 5'!AF29,Rosalie!AF29,'Setter 8'!AF29,'Setter 7'!AF29,'Setter 6'!AF29,Fabien!AF29,'Setter 9'!AF29,'Setter 10'!AF29) -> 0 | AN29: =SUM(David!AN29,Dave!AG29,'Setter 5'!AG29,Rosalie!AG29,'Setter 8'!AG29,'Setter 7'!AG29,'Setter 6'!AG29,Fabien!AG29,'Setter 9'!AG29,'Setter 10'!AG29) -> 0 | AO29: =SUM(David!AO29,Dave!AH29,'Setter 5'!AH29,Rosalie!AH29,'Setter 8'!AH29,'Setter 7'!AH29,'Setter 6'!AH29,Fabien!AH29,'Setter 9'!AH29,'Setter 10'!AH29) -> 0 | AP29: =IFERROR(AO29/AI29,"") | AQ29: =IFERROR(AJ29/AI29,"") | AX29: =T29+B29+AI29 -> 0 | AY29: =AM29+X29+H29 -> 0 | AZ29: =AN29+I29 -> 0 | BA29: =AO29+J29 -> 0 | BB29: =IFERROR(AY29/AX29,"") | BC29: =IFERROR(AZ29/AX29,"") | BD29: =IFERROR(BA29/AX29,"")
A30: 44931 | B30: =SUM(David!B30,Dave!B30,'Setter 5'!B30,Rosalie!B30,'Setter 8'!B30,'Setter 7'!B30,'Setter 6'!B30,Fabien!B30,'Setter 9'!B30,'Setter 10'!B30) -> 0 | C30: =SUM(David!C30,Dave!C30,'Setter 5'!C30,Rosalie!C30,'Setter 8'!C30,'Setter 7'!C30,'Setter 6'!C30,Fabien!C30,'Setter 9'!C30,'Setter 10'!C30) -> 0 | D30: =SUM(David!D30,Dave!D30,'Setter 5'!D30,Rosalie!D30,'Setter 8'!D30,'Setter 7'!D30,'Setter 6'!D30,Fabien!D30,'Setter 9'!D30,'Setter 10'!D30) -> 0 | E30: =SUM(David!E30,Dave!E30,'Setter 5'!E30,Rosalie!E30,'Setter 8'!E30,'Setter 7'!E30,'Setter 6'!E30,Fabien!E30,'Setter 9'!E30,'Setter 10'!E30) -> 0 | F30: =SUM(David!F30,Dave!F30,'Setter 5'!F30,Rosalie!F30,'Setter 8'!F30,'Setter 7'!F30,'Setter 6'!F30,Fabien!F30,'Setter 9'!F30,'Setter 10'!F30) -> 0 | G30: =SUM(David!G30,Dave!G30,'Setter 5'!G30,Rosalie!G30,'Setter 8'!G30,'Setter 7'!G30,'Setter 6'!G30,Fabien!G30,'Setter 9'!G30,'Setter 10'!G30) -> 0 | H30: =SUM(David!H30,Dave!H30,'Setter 5'!H30,Rosalie!H30,'Setter 8'!H30,'Setter 7'!H30,'Setter 6'!H30,Fabien!H30,'Setter 9'!H30,'Setter 10'!H30) -> 0 | I30: =SUM(David!I30,Dave!I30,'Setter 5'!I30,Rosalie!I30,'Setter 8'!I30,'Setter 7'!I30,'Setter 6'!I30,Fabien!I30,'Setter 9'!I30,'Setter 10'!I30) -> 0 | J30: =SUM(David!J30,Dave!G30,'Setter 5'!G30,Rosalie!G30,'Setter 8'!G30,'Setter 7'!G30,'Setter 6'!G30,Fabien!G30,'Setter 9'!G30,'Setter 10'!G30) -> 0 | K30: =IFERROR(C30/B30,"") | L30: =IFERROR(D30/(C30-E30),"") | M30: =IFERROR(F30/(C30-E30),"") | N30: =IFERROR(G30/(C30-E30),"") | O30: =IFERROR((C30-E30)/C30,"") | P30: =IFERROR(H30/D30,"") | Q30: =IFERROR(I30/D30,"") | R30: =IFERROR(B30/D30,"") | S30: =IFERROR(J30/D30,"") | T30: =SUM(David!T30,Dave!O30,'Setter 5'!O30,Rosalie!O30,'Setter 8'!O30,'Setter 7'!O30,'Setter 6'!O30,Fabien!O30,'Setter 9'!O30,'Setter 10'!O30) -> 0 | U30: =SUM(David!U30,Dave!P30,'Setter 5'!P30,Rosalie!P30,'Setter 8'!P30,'Setter 7'!P30,'Setter 6'!P30,Fabien!P30,'Setter 9'!P30,'Setter 10'!P30) -> 0 | V30: =SUM(David!V30,Dave!Q30,'Setter 5'!Q30,Rosalie!Q30,'Setter 8'!Q30,'Setter 7'!Q30,'Setter 6'!Q30,Fabien!Q30,'Setter 9'!Q30,'Setter 10'!Q30) -> 0 | W30: =SUM(David!W30,Dave!R30,'Setter 5'!R30,Rosalie!R30,'Setter 8'!R30,'Setter 7'!R30,'Setter 6'!R30,Fabien!R30,'Setter 9'!R30,'Setter 10'!R30) -> 0 | X30: =SUM(David!X30,Dave!S30,'Setter 5'!S30,Rosalie!S30,'Setter 8'!S30,'Setter 7'!S30,'Setter 6'!S30,Fabien!S30,'Setter 9'!S30,'Setter 10'!S30) -> 0 | Y30: =SUM(David!Y30,Dave!T30,'Setter 5'!T30,Rosalie!T30,'Setter 8'!T30,'Setter 7'!T30,'Setter 6'!T30,Fabien!T30,'Setter 9'!T30,'Setter 10'!T30) -> 0 | Z30: =SUM(David!Z30,Dave!U30,'Setter 5'!U30,Rosalie!U30,'Setter 8'!U30,'Setter 7'!U30,'Setter 6'!U30,Fabien!U30,'Setter 9'!U30,'Setter 10'!U30) -> 0 | AA30: =IFERROR(U30/T30,"") | AB30: =IFERROR(V30/U30,"") | AC30: =IFERROR(W30/V30,"") | AD30: =IFERROR(W30/U30,"") | AE30: =IFERROR(Y30/W30,"") | AF30: =IFERROR(X30/W30,"") | AG30: =IFERROR(T30/W30,"") | AH30: =IFERROR(Z30/W30,"") | AI30: =SUM(David!AI30,Dave!AB30,'Setter 5'!AB30,Rosalie!AB30,'Setter 8'!AB30,'Setter 7'!AB30,'Setter 6'!AB30,Fabien!AB30,'Setter 9'!AB30,'Setter 10'!AB30) -> 0 | AJ30: =SUM(David!AJ30,Dave!AC30,'Setter 5'!AC30,Rosalie!AC30,'Setter 8'!AC30,'Setter 7'!AC30,'Setter 6'!AC30,Fabien!AC30,'Setter 9'!AC30,'Setter 10'!AC30) -> 0 | AK30: =SUM(David!AK30,Dave!AD30,'Setter 5'!AD30,Rosalie!AD30,'Setter 8'!AD30,'Setter 7'!AD30,'Setter 6'!AD30,Fabien!AD30,'Setter 9'!AD30,'Setter 10'!AD30) -> 0 | AL30: =SUM(David!AL30,Dave!AE30,'Setter 5'!AE30,Rosalie!AE30,'Setter 8'!AE30,'Setter 7'!AE30,'Setter 6'!AE30,Fabien!AE30,'Setter 9'!AE30,'Setter 10'!AE30) -> 0 | AM30: =SUM(David!AM30,Dave!AF30,'Setter 5'!AF30,Rosalie!AF30,'Setter 8'!AF30,'Setter 7'!AF30,'Setter 6'!AF30,Fabien!AF30,'Setter 9'!AF30,'Setter 10'!AF30) -> 0 | AN30: =SUM(David!AN30,Dave!AG30,'Setter 5'!AG30,Rosalie!AG30,'Setter 8'!AG30,'Setter 7'!AG30,'Setter 6'!AG30,Fabien!AG30,'Setter 9'!AG30,'Setter 10'!AG30) -> 0 | AO30: =SUM(David!AO30,Dave!AH30,'Setter 5'!AH30,Rosalie!AH30,'Setter 8'!AH30,'Setter 7'!AH30,'Setter 6'!AH30,Fabien!AH30,'Setter 9'!AH30,'Setter 10'!AH30) -> 0 | AP30: =IFERROR(AO30/AI30,"") | AQ30: =IFERROR(AJ30/AI30,"") | AX30: =T30+B30+AI30 -> 0 | AY30: =AM30+X30+H30 -> 0 | AZ30: =AN30+I30 -> 0 | BA30: =AO30+J30 -> 0 | BB30: =IFERROR(AY30/AX30,"") | BC30: =IFERROR(AZ30/AX30,"") | BD30: =IFERROR(BA30/AX30,"")
A31: 44932 | B31: =SUM(David!B31,Dave!B31,'Setter 5'!B31,Rosalie!B31,'Setter 8'!B31,'Setter 7'!B31,'Setter 6'!B31,Fabien!B31,'Setter 9'!B31,'Setter 10'!B31) -> 0 | C31: =SUM(David!C31,Dave!C31,'Setter 5'!C31,Rosalie!C31,'Setter 8'!C31,'Setter 7'!C31,'Setter 6'!C31,Fabien!C31,'Setter 9'!C31,'Setter 10'!C31) -> 0 | D31: =SUM(David!D31,Dave!D31,'Setter 5'!D31,Rosalie!D31,'Setter 8'!D31,'Setter 7'!D31,'Setter 6'!D31,Fabien!D31,'Setter 9'!D31,'Setter 10'!D31) -> 0 | E31: =SUM(David!E31,Dave!E31,'Setter 5'!E31,Rosalie!E31,'Setter 8'!E31,'Setter 7'!E31,'Setter 6'!E31,Fabien!E31,'Setter 9'!E31,'Setter 10'!E31) -> 0 | F31: =SUM(David!F31,Dave!F31,'Setter 5'!F31,Rosalie!F31,'Setter 8'!F31,'Setter 7'!F31,'Setter 6'!F31,Fabien!F31,'Setter 9'!F31,'Setter 10'!F31) -> 0 | G31: =SUM(David!G31,Dave!G31,'Setter 5'!G31,Rosalie!G31,'Setter 8'!G31,'Setter 7'!G31,'Setter 6'!G31,Fabien!G31,'Setter 9'!G31,'Setter 10'!G31) -> 0 | H31: =SUM(David!H31,Dave!H31,'Setter 5'!H31,Rosalie!H31,'Setter 8'!H31,'Setter 7'!H31,'Setter 6'!H31,Fabien!H31,'Setter 9'!H31,'Setter 10'!H31) -> 0 | I31: =SUM(David!I31,Dave!I31,'Setter 5'!I31,Rosalie!I31,'Setter 8'!I31,'Setter 7'!I31,'Setter 6'!I31,Fabien!I31,'Setter 9'!I31,'Setter 10'!I31) -> 0 | J31: =SUM(David!J31,Dave!G31,'Setter 5'!G31,Rosalie!G31,'Setter 8'!G31,'Setter 7'!G31,'Setter 6'!G31,Fabien!G31,'Setter 9'!G31,'Setter 10'!G31) -> 0 | K31: =IFERROR(C31/B31,"") | L31: =IFERROR(D31/(C31-E31),"") | M31: =IFERROR(F31/(C31-E31),"") | N31: =IFERROR(G31/(C31-E31),"") | O31: =IFERROR((C31-E31)/C31,"") | P31: =IFERROR(H31/D31,"") | Q31: =IFERROR(I31/D31,"") | R31: =IFERROR(B31/D31,"") | S31: =IFERROR(J31/D31,"") | T31: =SUM(David!T31,Dave!O31,'Setter 5'!O31,Rosalie!O31,'Setter 8'!O31,'Setter 7'!O31,'Setter 6'!O31,Fabien!O31,'Setter 9'!O31,'Setter 10'!O31) -> 0 | U31: =SUM(David!U31,Dave!P31,'Setter 5'!P31,Rosalie!P31,'Setter 8'!P31,'Setter 7'!P31,'Setter 6'!P31,Fabien!P31,'Setter 9'!P31,'Setter 10'!P31) -> 0 | V31: =SUM(David!V31,Dave!Q31,'Setter 5'!Q31,Rosalie!Q31,'Setter 8'!Q31,'Setter 7'!Q31,'Setter 6'!Q31,Fabien!Q31,'Setter 9'!Q31,'Setter 10'!Q31) -> 0 | W31: =SUM(David!W31,Dave!R31,'Setter 5'!R31,Rosalie!R31,'Setter 8'!R31,'Setter 7'!R31,'Setter 6'!R31,Fabien!R31,'Setter 9'!R31,'Setter 10'!R31) -> 0 | X31: =SUM(David!X31,Dave!S31,'Setter 5'!S31,Rosalie!S31,'Setter 8'!S31,'Setter 7'!S31,'Setter 6'!S31,Fabien!S31,'Setter 9'!S31,'Setter 10'!S31) -> 0 | Y31: =SUM(David!Y31,Dave!T31,'Setter 5'!T31,Rosalie!T31,'Setter 8'!T31,'Setter 7'!T31,'Setter 6'!T31,Fabien!T31,'Setter 9'!T31,'Setter 10'!T31) -> 0 | Z31: =SUM(David!Z31,Dave!U31,'Setter 5'!U31,Rosalie!U31,'Setter 8'!U31,'Setter 7'!U31,'Setter 6'!U31,Fabien!U31,'Setter 9'!U31,'Setter 10'!U31) -> 0 | AA31: =IFERROR(U31/T31,"") | AB31: =IFERROR(V31/U31,"") | AC31: =IFERROR(W31/V31,"") | AD31: =IFERROR(W31/U31,"") | AE31: =IFERROR(Y31/W31,"") | AF31: =IFERROR(X31/W31,"") | AG31: =IFERROR(T31/W31,"") | AH31: =IFERROR(Z31/W31,"") | AI31: =SUM(David!AI31,Dave!AB31,'Setter 5'!AB31,Rosalie!AB31,'Setter 8'!AB31,'Setter 7'!AB31,'Setter 6'!AB31,Fabien!AB31,'Setter 9'!AB31,'Setter 10'!AB31) -> 0 | AJ31: =SUM(David!AJ31,Dave!AC31,'Setter 5'!AC31,Rosalie!AC31,'Setter 8'!AC31,'Setter 7'!AC31,'Setter 6'!AC31,Fabien!AC31,'Setter 9'!AC31,'Setter 10'!AC31) -> 0 | AK31: =SUM(David!AK31,Dave!AD31,'Setter 5'!AD31,Rosalie!AD31,'Setter 8'!AD31,'Setter 7'!AD31,'Setter 6'!AD31,Fabien!AD31,'Setter 9'!AD31,'Setter 10'!AD31) -> 0 | AL31: =SUM(David!AL31,Dave!AE31,'Setter 5'!AE31,Rosalie!AE31,'Setter 8'!AE31,'Setter 7'!AE31,'Setter 6'!AE31,Fabien!AE31,'Setter 9'!AE31,'Setter 10'!AE31) -> 0 | AM31: =SUM(David!AM31,Dave!AF31,'Setter 5'!AF31,Rosalie!AF31,'Setter 8'!AF31,'Setter 7'!AF31,'Setter 6'!AF31,Fabien!AF31,'Setter 9'!AF31,'Setter 10'!AF31) -> 0 | AN31: =SUM(David!AN31,Dave!AG31,'Setter 5'!AG31,Rosalie!AG31,'Setter 8'!AG31,'Setter 7'!AG31,'Setter 6'!AG31,Fabien!AG31,'Setter 9'!AG31,'Setter 10'!AG31) -> 0 | AO31: =SUM(David!AO31,Dave!AH31,'Setter 5'!AH31,Rosalie!AH31,'Setter 8'!AH31,'Setter 7'!AH31,'Setter 6'!AH31,Fabien!AH31,'Setter 9'!AH31,'Setter 10'!AH31) -> 0 | AP31: =IFERROR(AO31/AI31,"") | AQ31: =IFERROR(AJ31/AI31,"") | AX31: =T31+B31+AI31 -> 0 | AY31: =AM31+X31+H31 -> 0 | AZ31: =AN31+I31 -> 0 | BA31: =AO31+J31 -> 0 | BB31: =IFERROR(AY31/AX31,"") | BC31: =IFERROR(AZ31/AX31,"") | BD31: =IFERROR(BA31/AX31,"")
A32: 44933 | B32: =SUM(David!B32,Dave!B32,'Setter 5'!B32,Rosalie!B32,'Setter 8'!B32,'Setter 7'!B32,'Setter 6'!B32,Fabien!B32,'Setter 9'!B32,'Setter 10'!B32) -> 0 | C32: =SUM(David!C32,Dave!C32,'Setter 5'!C32,Rosalie!C32,'Setter 8'!C32,'Setter 7'!C32,'Setter 6'!C32,Fabien!C32,'Setter 9'!C32,'Setter 10'!C32) -> 0 | D32: =SUM(David!D32,Dave!E32,'Setter 5'!D32,Rosalie!D32,'Setter 8'!D32,'Setter 7'!D32,'Setter 6'!D32,Fabien!D32,'Setter 9'!D32,'Setter 10'!D32) -> 0 | E32: =SUM(David!E32,Dave!E32,'Setter 5'!E32,Rosalie!E32,'Setter 8'!E32,'Setter 7'!E32,'Setter 6'!E32,Fabien!E32,'Setter 9'!E32,'Setter 10'!E32) -> 0 | F32: =SUM(David!F32,Dave!F32,'Setter 5'!F32,Rosalie!F32,'Setter 8'!F32,'Setter 7'!F32,'Setter 6'!F32,Fabien!F32,'Setter 9'!F32,'Setter 10'!F32) -> 0 | G32: =SUM(David!G32,Dave!G32,'Setter 5'!G32,Rosalie!G32,'Setter 8'!G32,'Setter 7'!G32,'Setter 6'!G32,Fabien!G32,'Setter 9'!G32,'Setter 10'!G32) -> 0 | H32: =SUM(David!H32,Dave!H32,'Setter 5'!H32,Rosalie!H32,'Setter 8'!H32,'Setter 7'!H32,'Setter 6'!H32,Fabien!H32,'Setter 9'!H32,'Setter 10'!H32) -> 0 | I32: =SUM(David!I32,Dave!I32,'Setter 5'!I32,Rosalie!I32,'Setter 8'!I32,'Setter 7'!I32,'Setter 6'!I32,Fabien!I32,'Setter 9'!I32,'Setter 10'!I32) -> 0 | J32: =SUM(David!J32,Dave!G32,'Setter 5'!G32,Rosalie!G32,'Setter 8'!G32,'Setter 7'!G32,'Setter 6'!G32,Fabien!G32,'Setter 9'!G32,'Setter 10'!G32) -> 0 | K32: =IFERROR(C32/B32,"") | L32: =IFERROR(D32/(C32-E32),"") | M32: =IFERROR(F32/(C32-E32),"") | N32: =IFERROR(G32/(C32-E32),"") | O32: =IFERROR((C32-E32)/C32,"") | P32: =IFERROR(H32/D32,"") | Q32: =IFERROR(I32/D32,"") | R32: =IFERROR(B32/D32,"") | S32: =IFERROR(J32/D32,"") | T32: =SUM(David!T32,Dave!O32,'Setter 5'!O32,Rosalie!O32,'Setter 8'!O32,'Setter 7'!O32,'Setter 6'!O32,Fabien!O32,'Setter 9'!O32,'Setter 10'!O32) -> 0 | U32: =SUM(David!U32,Dave!P32,'Setter 5'!P32,Rosalie!P32,'Setter 8'!P32,'Setter 7'!P32,'Setter 6'!P32,Fabien!P32,'Setter 9'!P32,'Setter 10'!P32) -> 0 | V32: =SUM(David!V32,Dave!Q32,'Setter 5'!Q32,Rosalie!Q32,'Setter 8'!Q32,'Setter 7'!Q32,'Setter 6'!Q32,Fabien!Q32,'Setter 9'!Q32,'Setter 10'!Q32) -> 0 | W32: =SUM(David!W32,Dave!R32,'Setter 5'!R32,Rosalie!R32,'Setter 8'!R32,'Setter 7'!R32,'Setter 6'!R32,Fabien!R32,'Setter 9'!R32,'Setter 10'!R32) -> 0 | X32: =SUM(David!X32,Dave!S32,'Setter 5'!S32,Rosalie!S32,'Setter 8'!S32,'Setter 7'!S32,'Setter 6'!S32,Fabien!S32,'Setter 9'!S32,'Setter 10'!S32) -> 0 | Y32: =SUM(David!Y32,Dave!T32,'Setter 5'!T32,Rosalie!T32,'Setter 8'!T32,'Setter 7'!T32,'Setter 6'!T32,Fabien!T32,'Setter 9'!T32,'Setter 10'!T32) -> 0 | Z32: =SUM(David!Z32,Dave!U32,'Setter 5'!U32,Rosalie!U32,'Setter 8'!U32,'Setter 7'!U32,'Setter 6'!U32,Fabien!U32,'Setter 9'!U32,'Setter 10'!U32) -> 0 | AA32: =IFERROR(U32/T32,"") | AB32: =IFERROR(V32/U32,"") | AC32: =IFERROR(W32/V32,"") | AD32: =IFERROR(W32/U32,"") | AE32: =IFERROR(Y32/W32,"") | AF32: =IFERROR(X32/W32,"") | AG32: =IFERROR(T32/W32,"") | AH32: =IFERROR(Z32/W32,"") | AI32: =SUM(David!AI32,Dave!AB32,'Setter 5'!AB32,Rosalie!AB32,'Setter 8'!AB32,'Setter 7'!AB32,'Setter 6'!AB32,Fabien!AB32,'Setter 9'!AB32,'Setter 10'!AB32) -> 0 | AJ32: =SUM(David!AJ32,Dave!AC32,'Setter 5'!AC32,Rosalie!AC32,'Setter 8'!AC32,'Setter 7'!AC32,'Setter 6'!AC32,Fabien!AC32,'Setter 9'!AC32,'Setter 10'!AC32) -> 0 | AK32: =SUM(David!AK32,Dave!AD32,'Setter 5'!AD32,Rosalie!AD32,'Setter 8'!AD32,'Setter 7'!AD32,'Setter 6'!AD32,Fabien!AD32,'Setter 9'!AD32,'Setter 10'!AD32) -> 0 | AL32: =SUM(David!AL32,Dave!AE32,'Setter 5'!AE32,Rosalie!AE32,'Setter 8'!AE32,'Setter 7'!AE32,'Setter 6'!AE32,Fabien!AE32,'Setter 9'!AE32,'Setter 10'!AE32) -> 0 | AM32: =SUM(David!AM32,Dave!AF32,'Setter 5'!AF32,Rosalie!AF32,'Setter 8'!AF32,'Setter 7'!AF32,'Setter 6'!AF32,Fabien!AF32,'Setter 9'!AF32,'Setter 10'!AF32) -> 0 | AN32: =SUM(David!AN32,Dave!AG32,'Setter 5'!AG32,Rosalie!AG32,'Setter 8'!AG32,'Setter 7'!AG32,'Setter 6'!AG32,Fabien!AG32,'Setter 9'!AG32,'Setter 10'!AG32) -> 0 | AO32: =SUM(David!AO32,Dave!AH32,'Setter 5'!AH32,Rosalie!AH32,'Setter 8'!AH32,'Setter 7'!AH32,'Setter 6'!AH32,Fabien!AH32,'Setter 9'!AH32,'Setter 10'!AH32) -> 0 | AP32: =IFERROR(AO32/AI32,"") | AQ32: =IFERROR(AJ32/AI32,"") | AX32: =T32+B32+AI32 -> 0 | AY32: =AM32+X32+H32 -> 0 | AZ32: =AN32+I32 -> 0 | BA32: =AO32+J32 -> 0 | BB32: =IFERROR(AY32/AX32,"") | BC32: =IFERROR(AZ32/AX32,"") | BD32: =IFERROR(BA32/AX32,"")
A33: 44934 | B33: =SUM(David!B33,Dave!B33,'Setter 5'!B33,Rosalie!B33,'Setter 8'!B33,'Setter 7'!B33,'Setter 6'!B33,Fabien!B33,'Setter 9'!B33,'Setter 10'!B33) -> 0 | C33: =SUM(David!C33,Dave!C33,'Setter 5'!C33,Rosalie!C33,'Setter 8'!C33,'Setter 7'!C33,'Setter 6'!C33,Fabien!C33,'Setter 9'!C33,'Setter 10'!C33) -> 0 | D33: =SUM(David!D33,Dave!D33,'Setter 5'!D33,Rosalie!D33,'Setter 8'!D33,'Setter 7'!D33,'Setter 6'!D33,Fabien!D33,'Setter 9'!D33,'Setter 10'!D33) -> 0 | E33: =SUM(David!E33,Dave!E33,'Setter 5'!E33,Rosalie!E33,'Setter 8'!E33,'Setter 7'!E33,'Setter 6'!E33,Fabien!E33,'Setter 9'!E33,'Setter 10'!E33) -> 0 | F33: =SUM(David!F33,Dave!F33,'Setter 5'!F33,Rosalie!F33,'Setter 8'!F33,'Setter 7'!F33,'Setter 6'!F33,Fabien!F33,'Setter 9'!F33,'Setter 10'!F33) -> 0 | G33: =SUM(David!G33,Dave!G33,'Setter 5'!G33,Rosalie!G33,'Setter 8'!G33,'Setter 7'!G33,'Setter 6'!G33,Fabien!G33,'Setter 9'!G33,'Setter 10'!G33) -> 0 | H33: =SUM(David!H33,Dave!H33,'Setter 5'!H33,Rosalie!H33,'Setter 8'!H33,'Setter 7'!H33,'Setter 6'!H33,Fabien!H33,'Setter 9'!H33,'Setter 10'!H33) -> 0 | I33: =SUM(David!I33,Dave!I33,'Setter 5'!I33,Rosalie!I33,'Setter 8'!I33,'Setter 7'!I33,'Setter 6'!I33,Fabien!I33,'Setter 9'!I33,'Setter 10'!I33) -> 0 | J33: =SUM(David!J33,Dave!G33,'Setter 5'!G33,Rosalie!G33,'Setter 8'!G33,'Setter 7'!G33,'Setter 6'!G33,Fabien!G33,'Setter 9'!G33,'Setter 10'!G33) -> 0 | K33: =IFERROR(C33/B33,"") | L33: =IFERROR(D33/(C33-E33),"") | M33: =IFERROR(F33/(C33-E33),"") | N33: =IFERROR(G33/(C33-E33),"") | O33: =IFERROR((C33-E33)/C33,"") | P33: =IFERROR(H33/D33,"") | Q33: =IFERROR(I33/D33,"") | R33: =IFERROR(B33/D33,"") | S33: =IFERROR(J33/D33,"") | T33: =SUM(David!T33,Dave!O33,'Setter 5'!O33,Rosalie!O33,'Setter 8'!O33,'Setter 7'!O33,'Setter 6'!O33,Fabien!O33,'Setter 9'!O33,'Setter 10'!O33) -> 0 | U33: =SUM(David!U33,Dave!P33,'Setter 5'!P33,Rosalie!P33,'Setter 8'!P33,'Setter 7'!P33,'Setter 6'!P33,Fabien!P33,'Setter 9'!P33,'Setter 10'!P33) -> 0 | V33: =SUM(David!V33,Dave!Q33,'Setter 5'!Q33,Rosalie!Q33,'Setter 8'!Q33,'Setter 7'!Q33,'Setter 6'!Q33,Fabien!Q33,'Setter 9'!Q33,'Setter 10'!Q33) -> 0 | W33: =SUM(David!W33,Dave!R33,'Setter 5'!R33,Rosalie!R33,'Setter 8'!R33,'Setter 7'!R33,'Setter 6'!R33,Fabien!R33,'Setter 9'!R33,'Setter 10'!R33) -> 0 | X33: =SUM(David!X33,Dave!S33,'Setter 5'!S33,Rosalie!S33,'Setter 8'!S33,'Setter 7'!S33,'Setter 6'!S33,Fabien!S33,'Setter 9'!S33,'Setter 10'!S33) -> 0 | Y33: =SUM(David!Y33,Dave!T33,'Setter 5'!T33,Rosalie!T33,'Setter 8'!T33,'Setter 7'!T33,'Setter 6'!T33,Fabien!T33,'Setter 9'!T33,'Setter 10'!T33) -> 0 | Z33: =SUM(David!Z33,Dave!U33,'Setter 5'!U33,Rosalie!U33,'Setter 8'!U33,'Setter 7'!U33,'Setter 6'!U33,Fabien!U33,'Setter 9'!U33,'Setter 10'!U33) -> 0 | AA33: =IFERROR(U33/T33,"") | AB33: =IFERROR(V33/U33,"") | AC33: =IFERROR(W33/V33,"") | AD33: =IFERROR(W33/U33,"") | AE33: =IFERROR(Y33/W33,"") | AF33: =IFERROR(X33/W33,"") | AG33: =IFERROR(T33/W33,"") | AH33: =IFERROR(Z33/W33,"") | AI33: =SUM(David!AI33,Dave!AB33,'Setter 5'!AB33,Rosalie!AB33,'Setter 8'!AB33,'Setter 7'!AB33,'Setter 6'!AB33,Fabien!AB33,'Setter 9'!AB33,'Setter 10'!AB33) -> 0 | AJ33: =SUM(David!AJ33,Dave!AC33,'Setter 5'!AC33,Rosalie!AC33,'Setter 8'!AC33,'Setter 7'!AC33,'Setter 6'!AC33,Fabien!AC33,'Setter 9'!AC33,'Setter 10'!AC33) -> 0 | AK33: =SUM(David!AK33,Dave!AD33,'Setter 5'!AD33,Rosalie!AD33,'Setter 8'!AD33,'Setter 7'!AD33,'Setter 6'!AD33,Fabien!AD33,'Setter 9'!AD33,'Setter 10'!AD33) -> 0 | AL33: =SUM(David!AL33,Dave!AE33,'Setter 5'!AE33,Rosalie!AE33,'Setter 8'!AE33,'Setter 7'!AE33,'Setter 6'!AE33,Fabien!AE33,'Setter 9'!AE33,'Setter 10'!AE33) -> 0 | AM33: =SUM(David!AM33,Dave!AF33,'Setter 5'!AF33,Rosalie!AF33,'Setter 8'!AF33,'Setter 7'!AF33,'Setter 6'!AF33,Fabien!AF33,'Setter 9'!AF33,'Setter 10'!AF33) -> 0 | AN33: =SUM(David!AN33,Dave!AG33,'Setter 5'!AG33,Rosalie!AG33,'Setter 8'!AG33,'Setter 7'!AG33,'Setter 6'!AG33,Fabien!AG33,'Setter 9'!AG33,'Setter 10'!AG33) -> 0 | AO33: =SUM(David!AO33,Dave!AH33,'Setter 5'!AH33,Rosalie!AH33,'Setter 8'!AH33,'Setter 7'!AH33,'Setter 6'!AH33,Fabien!AH33,'Setter 9'!AH33,'Setter 10'!AH33) -> 0 | AP33: =IFERROR(AO33/AI33,"") | AQ33: =IFERROR(AJ33/AI33,"") | AX33: =T33+B33+AI33 -> 0 | AY33: =AM33+X33+H33 -> 0 | AZ33: =AN33+I33 -> 0 | BA33: =AO33+J33 -> 0 | BB33: =IFERROR(AY33/AX33,"") | BC33: =IFERROR(AZ33/AX33,"") | BD33: =IFERROR(BA33/AX33,"")
A34: 44935 | B34: =SUM(David!B34,Dave!B34,'Setter 5'!B34,Rosalie!B34,'Setter 8'!B34,'Setter 7'!B34,'Setter 6'!B34,Fabien!B34,'Setter 9'!B34,'Setter 10'!B34) -> 0 | C34: =SUM(David!C34,Dave!C34,'Setter 5'!C34,Rosalie!C34,'Setter 8'!C34,'Setter 7'!C34,'Setter 6'!C34,Fabien!C34,'Setter 9'!C34,'Setter 10'!C34) -> 0 | D34: =SUM(David!D34,Dave!D34,'Setter 5'!D34,Rosalie!D34,'Setter 8'!D34,'Setter 7'!D34,'Setter 6'!D34,Fabien!D34,'Setter 9'!D34,'Setter 10'!D34) -> 0 | E34: =SUM(David!E34,Dave!E34,'Setter 5'!E34,Rosalie!E34,'Setter 8'!E34,'Setter 7'!E34,'Setter 6'!E34,Fabien!E34,'Setter 9'!E34,'Setter 10'!E34) -> 0 | F34: =SUM(David!F34,Dave!F34,'Setter 5'!F34,Rosalie!F34,'Setter 8'!F34,'Setter 7'!F34,'Setter 6'!F34,Fabien!F34,'Setter 9'!F34,'Setter 10'!F34) -> 0 | G34: =SUM(David!G34,Dave!G34,'Setter 5'!G34,Rosalie!G34,'Setter 8'!G34,'Setter 7'!G34,'Setter 6'!G34,Fabien!G34,'Setter 9'!G34,'Setter 10'!G34) -> 0 | H34: =SUM(David!H34,Dave!H34,'Setter 5'!H34,Rosalie!H34,'Setter 8'!H34,'Setter 7'!H34,'Setter 6'!H34,Fabien!H34,'Setter 9'!H34,'Setter 10'!H34) -> 0 | I34: =SUM(David!I34,Dave!I34,'Setter 5'!I34,Rosalie!I34,'Setter 8'!I34,'Setter 7'!I34,'Setter 6'!I34,Fabien!I34,'Setter 9'!I34,'Setter 10'!I34) -> 0 | J34: =SUM(David!J34,Dave!G34,'Setter 5'!G34,Rosalie!G34,'Setter 8'!G34,'Setter 7'!G34,'Setter 6'!G34,Fabien!G34,'Setter 9'!G34,'Setter 10'!G34) -> 0 | K34: =IFERROR(C34/B34,"") | L34: =IFERROR(D34/(C34-E34),"") | M34: =IFERROR(F34/(C34-E34),"") | N34: =IFERROR(G34/(C34-E34),"") | O34: =IFERROR((C34-E34)/C34,"") | P34: =IFERROR(H34/D34,"") | Q34: =IFERROR(I34/D34,"") | R34: =IFERROR(B34/D34,"") | S34: =IFERROR(J34/D34,"") | T34: =SUM(David!T34,Dave!O34,'Setter 5'!O34,Rosalie!O34,'Setter 8'!O34,'Setter 7'!O34,'Setter 6'!O34,Fabien!O34,'Setter 9'!O34,'Setter 10'!O34) -> 0 | U34: =SUM(David!U34,Dave!P34,'Setter 5'!P34,Rosalie!P34,'Setter 8'!P34,'Setter 7'!P34,'Setter 6'!P34,Fabien!P34,'Setter 9'!P34,'Setter 10'!P34) -> 0 | V34: =SUM(David!V34,Dave!Q34,'Setter 5'!Q34,Rosalie!Q34,'Setter 8'!Q34,'Setter 7'!Q34,'Setter 6'!Q34,Fabien!Q34,'Setter 9'!Q34,'Setter 10'!Q34) -> 0 | W34: =SUM(David!W34,Dave!R34,'Setter 5'!R34,Rosalie!R34,'Setter 8'!R34,'Setter 7'!R34,'Setter 6'!R34,Fabien!R34,'Setter 9'!R34,'Setter 10'!R34) -> 0 | X34: =SUM(David!X34,Dave!S34,'Setter 5'!S34,Rosalie!S34,'Setter 8'!S34,'Setter 7'!S34,'Setter 6'!S34,Fabien!S34,'Setter 9'!S34,'Setter 10'!S34) -> 0 | Y34: =SUM(David!Y34,Dave!T34,'Setter 5'!T34,Rosalie!T34,'Setter 8'!T34,'Setter 7'!T34,'Setter 6'!T34,Fabien!T34,'Setter 9'!T34,'Setter 10'!T34) -> 0 | Z34: =SUM(David!Z34,Dave!U34,'Setter 5'!U34,Rosalie!U34,'Setter 8'!U34,'Setter 7'!U34,'Setter 6'!U34,Fabien!U34,'Setter 9'!U34,'Setter 10'!U34) -> 0 | AA34: =IFERROR(U34/T34,"") | AB34: =IFERROR(V34/U34,"") | AC34: =IFERROR(W34/V34,"") | AD34: =IFERROR(W34/U34,"") | AE34: =IFERROR(Y34/W34,"") | AF34: =IFERROR(X34/W34,"") | AG34: =IFERROR(T34/W34,"") | AH34: =IFERROR(Z34/W34,"") | AI34: =SUM(David!AI34,Dave!AB34,'Setter 5'!AB34,Rosalie!AB34,'Setter 8'!AB34,'Setter 7'!AB34,'Setter 6'!AB34,Fabien!AB34,'Setter 9'!AB34,'Setter 10'!AB34) -> 0 | AJ34: =SUM(David!AJ34,Dave!AC34,'Setter 5'!AC34,Rosalie!AC34,'Setter 8'!AC34,'Setter 7'!AC34,'Setter 6'!AC34,Fabien!AC34,'Setter 9'!AC34,'Setter 10'!AC34) -> 0 | AK34: =SUM(David!AK34,Dave!AD34,'Setter 5'!AD34,Rosalie!AD34,'Setter 8'!AD34,'Setter 7'!AD34,'Setter 6'!AD34,Fabien!AD34,'Setter 9'!AD34,'Setter 10'!AD34) -> 0 | AL34: =SUM(David!AL34,Dave!AE34,'Setter 5'!AE34,Rosalie!AE34,'Setter 8'!AE34,'Setter 7'!AE34,'Setter 6'!AE34,Fabien!AE34,'Setter 9'!AE34,'Setter 10'!AE34) -> 0 | AM34: =SUM(David!AM34,Dave!AF34,'Setter 5'!AF34,Rosalie!AF34,'Setter 8'!AF34,'Setter 7'!AF34,'Setter 6'!AF34,Fabien!AF34,'Setter 9'!AF34,'Setter 10'!AF34) -> 0 | AN34: =SUM(David!AN34,Dave!AG34,'Setter 5'!AG34,Rosalie!AG34,'Setter 8'!AG34,'Setter 7'!AG34,'Setter 6'!AG34,Fabien!AG34,'Setter 9'!AG34,'Setter 10'!AG34) -> 0 | AO34: =SUM(David!AO34,Dave!AH34,'Setter 5'!AH34,Rosalie!AH34,'Setter 8'!AH34,'Setter 7'!AH34,'Setter 6'!AH34,Fabien!AH34,'Setter 9'!AH34,'Setter 10'!AH34) -> 0 | AP34: =IFERROR(AO34/AI34,"") | AQ34: =IFERROR(AJ34/AI34,"") | AX34: =T34+B34+AI34 -> 0 | AY34: =AM34+X34+H34 -> 0 | AZ34: =AN34+I34 -> 0 | BA34: =AO34+J34 -> 0 | BB34: =IFERROR(AY34/AX34,"") | BC34: =IFERROR(AZ34/AX34,"") | BD34: =IFERROR(BA34/AX34,"")
A35: 44936 | B35: =SUM(David!B35,Dave!B35,'Setter 5'!B35,Rosalie!B35,'Setter 8'!B35,'Setter 7'!B35,'Setter 6'!B35,Fabien!B35,'Setter 9'!B35,'Setter 10'!B35) -> 0 | C35: =SUM(David!C35,Dave!C35,'Setter 5'!C35,Rosalie!C35,'Setter 8'!C35,'Setter 7'!C35,'Setter 6'!C35,Fabien!C35,'Setter 9'!C35,'Setter 10'!C35) -> 0 | D35: =SUM(David!D35,Dave!D35,'Setter 5'!D35,Rosalie!D35,'Setter 8'!D35,'Setter 7'!D35,'Setter 6'!D35,Fabien!D35,'Setter 9'!D35,'Setter 10'!D35) -> 0 | E35: =SUM(David!E35,Dave!E35,'Setter 5'!E35,Rosalie!E35,'Setter 8'!E35,'Setter 7'!E35,'Setter 6'!E35,Fabien!E35,'Setter 9'!E35,'Setter 10'!E35) -> 0 | F35: =SUM(David!F35,Dave!F35,'Setter 5'!F35,Rosalie!F35,'Setter 8'!F35,'Setter 7'!F35,'Setter 6'!F35,Fabien!F35,'Setter 9'!F35,'Setter 10'!F35) -> 0 | G35: =SUM(David!G35,Dave!G35,'Setter 5'!G35,Rosalie!G35,'Setter 8'!G35,'Setter 7'!G35,'Setter 6'!G35,Fabien!G35,'Setter 9'!G35,'Setter 10'!G35) -> 0 | H35: =SUM(David!H35,Dave!H35,'Setter 5'!H35,Rosalie!H35,'Setter 8'!H35,'Setter 7'!H35,'Setter 6'!H35,Fabien!H35,'Setter 9'!H35,'Setter 10'!H35) -> 0 | I35: =SUM(David!I35,Dave!I35,'Setter 5'!I35,Rosalie!I35,'Setter 8'!I35,'Setter 7'!I35,'Setter 6'!I35,Fabien!I35,'Setter 9'!I35,'Setter 10'!I35) -> 0 | J35: =SUM(David!J35,Dave!G35,'Setter 5'!G35,Rosalie!G35,'Setter 8'!G35,'Setter 7'!G35,'Setter 6'!G35,Fabien!G35,'Setter 9'!G35,'Setter 10'!G35) -> 0 | K35: =IFERROR(C35/B35,"") | L35: =IFERROR(D35/(C35-E35),"") | M35: =IFERROR(F35/(C35-E35),"") | N35: =IFERROR(G35/(C35-E35),"") | O35: =IFERROR((C35-E35)/C35,"") | P35: =IFERROR(H35/D35,"") | Q35: =IFERROR(I35/D35,"") | R35: =IFERROR(B35/D35,"") | S35: =IFERROR(J35/D35,"") | T35: =SUM(David!T35,Dave!O35,'Setter 5'!O35,Rosalie!O35,'Setter 8'!O35,'Setter 7'!O35,'Setter 6'!O35,Fabien!O35,'Setter 9'!O35,'Setter 10'!O35) -> 0 | U35: =SUM(David!U35,Dave!P35,'Setter 5'!P35,Rosalie!P35,'Setter 8'!P35,'Setter 7'!P35,'Setter 6'!P35,Fabien!P35,'Setter 9'!P35,'Setter 10'!P35) -> 0 | V35: =SUM(David!V35,Dave!Q35,'Setter 5'!Q35,Rosalie!Q35,'Setter 8'!Q35,'Setter 7'!Q35,'Setter 6'!Q35,Fabien!Q35,'Setter 9'!Q35,'Setter 10'!Q35) -> 0 | W35: =SUM(David!W35,Dave!R35,'Setter 5'!R35,Rosalie!R35,'Setter 8'!R35,'Setter 7'!R35,'Setter 6'!R35,Fabien!R35,'Setter 9'!R35,'Setter 10'!R35) -> 0 | X35: =SUM(David!X35,Dave!S35,'Setter 5'!S35,Rosalie!S35,'Setter 8'!S35,'Setter 7'!S35,'Setter 6'!S35,Fabien!S35,'Setter 9'!S35,'Setter 10'!S35) -> 0 | Y35: =SUM(David!Y35,Dave!T35,'Setter 5'!T35,Rosalie!T35,'Setter 8'!T35,'Setter 7'!T35,'Setter 6'!T35,Fabien!T35,'Setter 9'!T35,'Setter 10'!T35) -> 0 | Z35: =SUM(David!Z35,Dave!U35,'Setter 5'!U35,Rosalie!U35,'Setter 8'!U35,'Setter 7'!U35,'Setter 6'!U35,Fabien!U35,'Setter 9'!U35,'Setter 10'!U35) -> 0 | AA35: =IFERROR(U35/T35,"") | AB35: =IFERROR(V35/U35,"") | AC35: =IFERROR(W35/V35,"") | AD35: =IFERROR(W35/U35,"") | AE35: =IFERROR(Y35/W35,"") | AF35: =IFERROR(X35/W35,"") | AG35: =IFERROR(T35/W35,"") | AH35: =IFERROR(Z35/W35,"") | AI35: =SUM(David!AI35,Dave!AB35,'Setter 5'!AB35,Rosalie!AB35,'Setter 8'!AB35,'Setter 7'!AB35,'Setter 6'!AB35,Fabien!AB35,'Setter 9'!AB35,'Setter 10'!AB35) -> 0 | AJ35: =SUM(David!AJ35,Dave!AC35,'Setter 5'!AC35,Rosalie!AC35,'Setter 8'!AC35,'Setter 7'!AC35,'Setter 6'!AC35,Fabien!AC35,'Setter 9'!AC35,'Setter 10'!AC35) -> 0 | AK35: =SUM(David!AK35,Dave!AD35,'Setter 5'!AD35,Rosalie!AD35,'Setter 8'!AD35,'Setter 7'!AD35,'Setter 6'!AD35,Fabien!AD35,'Setter 9'!AD35,'Setter 10'!AD35) -> 0 | AL35: =SUM(David!AL35,Dave!AE35,'Setter 5'!AE35,Rosalie!AE35,'Setter 8'!AE35,'Setter 7'!AE35,'Setter 6'!AE35,Fabien!AE35,'Setter 9'!AE35,'Setter 10'!AE35) -> 0 | AM35: =SUM(David!AM35,Dave!AF35,'Setter 5'!AF35,Rosalie!AF35,'Setter 8'!AF35,'Setter 7'!AF35,'Setter 6'!AF35,Fabien!AF35,'Setter 9'!AF35,'Setter 10'!AF35) -> 0 | AN35: =SUM(David!AN35,Dave!AG35,'Setter 5'!AG35,Rosalie!AG35,'Setter 8'!AG35,'Setter 7'!AG35,'Setter 6'!AG35,Fabien!AG35,'Setter 9'!AG35,'Setter 10'!AG35) -> 0 | AO35: =SUM(David!AO35,Dave!AH35,'Setter 5'!AH35,Rosalie!AH35,'Setter 8'!AH35,'Setter 7'!AH35,'Setter 6'!AH35,Fabien!AH35,'Setter 9'!AH35,'Setter 10'!AH35) -> 0 | AP35: =IFERROR(AO35/AI35,"") | AQ35: =IFERROR(AJ35/AI35,"") | AX35: =T35+B35+AI35 -> 0 | AY35: =AM35+X35+H35 -> 0 | AZ35: =AN35+I35 -> 0 | BA35: =AO35+J35 -> 0 | BB35: =IFERROR(AY35/AX35,"") | BC35: =IFERROR(AZ35/AX35,"") | BD35: =IFERROR(BA35/AX35,"")
A36: 44937 | B36: =SUM(David!B36,Dave!B36,'Setter 5'!B36,Rosalie!B36,'Setter 8'!B36,'Setter 7'!B36,'Setter 6'!B36,Fabien!B36,'Setter 9'!B36,'Setter 10'!B36) -> 0 | C36: =SUM(David!C36,Dave!C36,'Setter 5'!C36,Rosalie!C36,'Setter 8'!C36,'Setter 7'!C36,'Setter 6'!C36,Fabien!C36,'Setter 9'!C36,'Setter 10'!C36) -> 0 | D36: =SUM(David!D36,Dave!D36,'Setter 5'!D36,Rosalie!D36,'Setter 8'!D36,'Setter 7'!D36,'Setter 6'!D36,Fabien!D36,'Setter 9'!D36,'Setter 10'!D36) -> 0 | E36: =SUM(David!E36,Dave!E36,'Setter 5'!E36,Rosalie!E36,'Setter 8'!E36,'Setter 7'!E36,'Setter 6'!E36,Fabien!E36,'Setter 9'!E36,'Setter 10'!E36) -> 0 | F36: =SUM(David!F36,Dave!F36,'Setter 5'!F36,Rosalie!F36,'Setter 8'!F36,'Setter 7'!F36,'Setter 6'!F36,Fabien!F36,'Setter 9'!F36,'Setter 10'!F36) -> 0 | G36: =SUM(David!G36,Dave!G36,'Setter 5'!G36,Rosalie!G36,'Setter 8'!G36,'Setter 7'!G36,'Setter 6'!G36,Fabien!G36,'Setter 9'!G36,'Setter 10'!G36) -> 0 | H36: =SUM(David!H36,Dave!H36,'Setter 5'!H36,Rosalie!H36,'Setter 8'!H36,'Setter 7'!H36,'Setter 6'!H36,Fabien!H36,'Setter 9'!H36,'Setter 10'!H36) -> 0 | I36: =SUM(David!I36,Dave!I36,'Setter 5'!I36,Rosalie!I36,'Setter 8'!I36,'Setter 7'!I36,'Setter 6'!I36,Fabien!I36,'Setter 9'!I36,'Setter 10'!I36) -> 0 | J36: =SUM(David!J36,Dave!G36,'Setter 5'!G36,Rosalie!G36,'Setter 8'!G36,'Setter 7'!G36,'Setter 6'!G36,Fabien!G36,'Setter 9'!G36,'Setter 10'!G36) -> 0 | K36: =IFERROR(C36/B36,"") | L36: =IFERROR(D36/(C36-E36),"") | M36: =IFERROR(F36/(C36-E36),"") | N36: =IFERROR(G36/(C36-E36),"") | O36: =IFERROR((C36-E36)/C36,"") | P36: =IFERROR(H36/D36,"") | Q36: =IFERROR(I36/D36,"") | R36: =IFERROR(B36/D36,"") | S36: =IFERROR(J36/D36,"") | T36: =SUM(David!T36,Dave!O36,'Setter 5'!O36,Rosalie!O36,'Setter 8'!O36,'Setter 7'!O36,'Setter 6'!O36,Fabien!O36,'Setter 9'!O36,'Setter 10'!O36) -> 0 | U36: =SUM(David!U36,Dave!P36,'Setter 5'!P36,Rosalie!P36,'Setter 8'!P36,'Setter 7'!P36,'Setter 6'!P36,Fabien!P36,'Setter 9'!P36,'Setter 10'!P36) -> 0 | V36: =SUM(David!V36,Dave!Q36,'Setter 5'!Q36,Rosalie!Q36,'Setter 8'!Q36,'Setter 7'!Q36,'Setter 6'!Q36,Fabien!Q36,'Setter 9'!Q36,'Setter 10'!Q36) -> 0 | W36: =SUM(David!W36,Dave!R36,'Setter 5'!R36,Rosalie!R36,'Setter 8'!R36,'Setter 7'!R36,'Setter 6'!R36,Fabien!R36,'Setter 9'!R36,'Setter 10'!R36) -> 0 | X36: =SUM(David!X36,Dave!S36,'Setter 5'!S36,Rosalie!S36,'Setter 8'!S36,'Setter 7'!S36,'Setter 6'!S36,Fabien!S36,'Setter 9'!S36,'Setter 10'!S36) -> 0 | Y36: =SUM(David!Y36,Dave!T36,'Setter 5'!T36,Rosalie!T36,'Setter 8'!T36,'Setter 7'!T36,'Setter 6'!T36,Fabien!T36,'Setter 9'!T36,'Setter 10'!T36) -> 0 | Z36: =SUM(David!Z36,Dave!U36,'Setter 5'!U36,Rosalie!U36,'Setter 8'!U36,'Setter 7'!U36,'Setter 6'!U36,Fabien!U36,'Setter 9'!U36,'Setter 10'!U36) -> 0 | AA36: =IFERROR(U36/T36,"") | AB36: =IFERROR(V36/U36,"") | AC36: =IFERROR(W36/V36,"") | AD36: =IFERROR(W36/U36,"") | AE36: =IFERROR(Y36/W36,"") | AF36: =IFERROR(X36/W36,"") | AG36: =IFERROR(T36/W36,"") | AH36: =IFERROR(Z36/W36,"") | AI36: =SUM(David!AI36,Dave!AB36,'Setter 5'!AB36,Rosalie!AB36,'Setter 8'!AB36,'Setter 7'!AB36,'Setter 6'!AB36,Fabien!AB36,'Setter 9'!AB36,'Setter 10'!AB36) -> 0 | AJ36: =SUM(David!AJ36,Dave!AC36,'Setter 5'!AC36,Rosalie!AC36,'Setter 8'!AC36,'Setter 7'!AC36,'Setter 6'!AC36,Fabien!AC36,'Setter 9'!AC36,'Setter 10'!AC36) -> 0 | AK36: =SUM(David!AK36,Dave!AD36,'Setter 5'!AD36,Rosalie!AD36,'Setter 8'!AD36,'Setter 7'!AD36,'Setter 6'!AD36,Fabien!AD36,'Setter 9'!AD36,'Setter 10'!AD36) -> 0 | AL36: =SUM(David!AL36,Dave!AE36,'Setter 5'!AE36,Rosalie!AE36,'Setter 8'!AE36,'Setter 7'!AE36,'Setter 6'!AE36,Fabien!AE36,'Setter 9'!AE36,'Setter 10'!AE36) -> 0 | AM36: =SUM(David!AM36,Dave!AF36,'Setter 5'!AF36,Rosalie!AF36,'Setter 8'!AF36,'Setter 7'!AF36,'Setter 6'!AF36,Fabien!AF36,'Setter 9'!AF36,'Setter 10'!AF36) -> 0 | AN36: =SUM(David!AN36,Dave!AG36,'Setter 5'!AG36,Rosalie!AG36,'Setter 8'!AG36,'Setter 7'!AG36,'Setter 6'!AG36,Fabien!AG36,'Setter 9'!AG36,'Setter 10'!AG36) -> 0 | AO36: =SUM(David!AO36,Dave!AH36,'Setter 5'!AH36,Rosalie!AH36,'Setter 8'!AH36,'Setter 7'!AH36,'Setter 6'!AH36,Fabien!AH36,'Setter 9'!AH36,'Setter 10'!AH36) -> 0 | AP36: =IFERROR(AO36/AI36,"") | AQ36: =IFERROR(AJ36/AI36,"") | AX36: =T36+B36+AI36 -> 0 | AY36: =AM36+X36+H36 -> 0 | AZ36: =AN36+I36 -> 0 | BA36: =AO36+J36 -> 0 | BB36: =IFERROR(AY36/AX36,"") | BC36: =IFERROR(AZ36/AX36,"") | BD36: =IFERROR(BA36/AX36,"")
A37: 44938 | B37: =SUM(David!B37,Dave!B37,'Setter 5'!B37,Rosalie!B37,'Setter 8'!B37,'Setter 7'!B37,'Setter 6'!B37,Fabien!B37,'Setter 9'!B37,'Setter 10'!B37) -> 0 | C37: =SUM(David!C37,Dave!C37,'Setter 5'!C37,Rosalie!C37,'Setter 8'!C37,'Setter 7'!C37,'Setter 6'!C37,Fabien!C37,'Setter 9'!C37,'Setter 10'!C37) -> 0 | D37: =SUM(David!D37,Dave!D37,'Setter 5'!D37,Rosalie!D37,'Setter 8'!D37,'Setter 7'!D37,'Setter 6'!D37,Fabien!D37,'Setter 9'!D37,'Setter 10'!D37) -> 0 | E37: =SUM(David!E37,Dave!E37,'Setter 5'!E37,Rosalie!E37,'Setter 8'!E37,'Setter 7'!E37,'Setter 6'!E37,Fabien!E37,'Setter 9'!E37,'Setter 10'!E37) -> 0 | F37: =SUM(David!F37,Dave!F37,'Setter 5'!F37,Rosalie!F37,'Setter 8'!F37,'Setter 7'!F37,'Setter 6'!F37,Fabien!F37,'Setter 9'!F37,'Setter 10'!F37) -> 0 | G37: =SUM(David!G37,Dave!G37,'Setter 5'!G37,Rosalie!G37,'Setter 8'!G37,'Setter 7'!G37,'Setter 6'!G37,Fabien!G37,'Setter 9'!G37,'Setter 10'!G37) -> 0 | H37: =SUM(David!H37,Dave!H37,'Setter 5'!H37,Rosalie!H37,'Setter 8'!H37,'Setter 7'!H37,'Setter 6'!H37,Fabien!H37,'Setter 9'!H37,'Setter 10'!H37) -> 0 | I37: =SUM(David!I37,Dave!I37,'Setter 5'!I37,Rosalie!I37,'Setter 8'!I37,'Setter 7'!I37,'Setter 6'!I37,Fabien!I37,'Setter 9'!I37,'Setter 10'!I37) -> 0 | J37: =SUM(David!J37,Dave!G37,'Setter 5'!G37,Rosalie!G37,'Setter 8'!G37,'Setter 7'!G37,'Setter 6'!G37,Fabien!G37,'Setter 9'!G37,'Setter 10'!G37) -> 0 | K37: =IFERROR(C37/B37,"") | L37: =IFERROR(D37/(C37-E37),"") | M37: =IFERROR(F37/(C37-E37),"") | N37: =IFERROR(G37/(C37-E37),"") | O37: =IFERROR((C37-E37)/C37,"") | P37: =IFERROR(H37/D37,"") | Q37: =IFERROR(I37/D37,"") | R37: =IFERROR(B37/D37,"") | S37: =IFERROR(J37/D37,"") | T37: =SUM(David!T37,Dave!O37,'Setter 5'!O37,Rosalie!O37,'Setter 8'!O37,'Setter 7'!O37,'Setter 6'!O37,Fabien!O37,'Setter 9'!O37,'Setter 10'!O37) -> 0 | U37: =SUM(David!U37,Dave!P37,'Setter 5'!P37,Rosalie!P37,'Setter 8'!P37,'Setter 7'!P37,'Setter 6'!P37,Fabien!P37,'Setter 9'!P37,'Setter 10'!P37) -> 0 | V37: =SUM(David!V37,Dave!Q37,'Setter 5'!Q37,Rosalie!Q37,'Setter 8'!Q37,'Setter 7'!Q37,'Setter 6'!Q37,Fabien!Q37,'Setter 9'!Q37,'Setter 10'!Q37) -> 0 | W37: =SUM(David!W37,Dave!R37,'Setter 5'!R37,Rosalie!R37,'Setter 8'!R37,'Setter 7'!R37,'Setter 6'!R37,Fabien!R37,'Setter 9'!R37,'Setter 10'!R37) -> 0 | X37: =SUM(David!X37,Dave!S37,'Setter 5'!S37,Rosalie!S37,'Setter 8'!S37,'Setter 7'!S37,'Setter 6'!S37,Fabien!S37,'Setter 9'!S37,'Setter 10'!S37) -> 0 | Y37: =SUM(David!Y37,Dave!T37,'Setter 5'!T37,Rosalie!T37,'Setter 8'!T37,'Setter 7'!T37,'Setter 6'!T37,Fabien!T37,'Setter 9'!T37,'Setter 10'!T37) -> 0 | Z37: =SUM(David!Z37,Dave!U37,'Setter 5'!U37,Rosalie!U37,'Setter 8'!U37,'Setter 7'!U37,'Setter 6'!U37,Fabien!U37,'Setter 9'!U37,'Setter 10'!U37) -> 0 | AA37: =IFERROR(U37/T37,"") | AB37: =IFERROR(V37/U37,"") | AC37: =IFERROR(W37/V37,"") | AD37: =IFERROR(W37/U37,"") | AE37: =IFERROR(Y37/W37,"") | AF37: =IFERROR(X37/W37,"") | AG37: =IFERROR(T37/W37,"") | AH37: =IFERROR(Z37/W37,"") | AI37: =SUM(David!AI37,Dave!AB37,'Setter 5'!AB37,Rosalie!AB37,'Setter 8'!AB37,'Setter 7'!AB37,'Setter 6'!AB37,Fabien!AB37,'Setter 9'!AB37,'Setter 10'!AB37) -> 0 | AJ37: =SUM(David!AJ37,Dave!AC37,'Setter 5'!AC37,Rosalie!AC37,'Setter 8'!AC37,'Setter 7'!AC37,'Setter 6'!AC37,Fabien!AC37,'Setter 9'!AC37,'Setter 10'!AC37) -> 0 | AK37: =SUM(David!AK37,Dave!AD37,'Setter 5'!AD37,Rosalie!AD37,'Setter 8'!AD37,'Setter 7'!AD37,'Setter 6'!AD37,Fabien!AD37,'Setter 9'!AD37,'Setter 10'!AD37) -> 0 | AL37: =SUM(David!AL37,Dave!AE37,'Setter 5'!AE37,Rosalie!AE37,'Setter 8'!AE37,'Setter 7'!AE37,'Setter 6'!AE37,Fabien!AE37,'Setter 9'!AE37,'Setter 10'!AE37) -> 0 | AM37: =SUM(David!AM37,Dave!AF37,'Setter 5'!AF37,Rosalie!AF37,'Setter 8'!AF37,'Setter 7'!AF37,'Setter 6'!AF37,Fabien!AF37,'Setter 9'!AF37,'Setter 10'!AF37) -> 0 | AN37: =SUM(David!AN37,Dave!AG37,'Setter 5'!AG37,Rosalie!AG37,'Setter 8'!AG37,'Setter 7'!AG37,'Setter 6'!AG37,Fabien!AG37,'Setter 9'!AG37,'Setter 10'!AG37) -> 0 | AO37: =SUM(David!AO37,Dave!AH37,'Setter 5'!AH37,Rosalie!AH37,'Setter 8'!AH37,'Setter 7'!AH37,'Setter 6'!AH37,Fabien!AH37,'Setter 9'!AH37,'Setter 10'!AH37) -> 0 | AP37: =IFERROR(AO37/AI37,"") | AQ37: =IFERROR(AJ37/AI37,"") | AX37: =T37+B37+AI37 -> 0 | AY37: =AM37+X37+H37 -> 0 | AZ37: =AN37+I37 -> 0 | BA37: =AO37+J37 -> 0 | BB37: =IFERROR(AY37/AX37,"") | BC37: =IFERROR(AZ37/AX37,"") | BD37: =IFERROR(BA37/AX37,"")
A38: 44939 | B38: =SUM(David!B38,Dave!B38,'Setter 5'!B38,Rosalie!B38,'Setter 8'!B38,'Setter 7'!B38,'Setter 6'!B38,Fabien!B38,'Setter 9'!B38,'Setter 10'!B38) -> 0 | C38: =SUM(David!C38,Dave!C38,'Setter 5'!C38,Rosalie!C38,'Setter 8'!C38,'Setter 7'!C38,'Setter 6'!C38,Fabien!C38,'Setter 9'!C38,'Setter 10'!C38) -> 0 | D38: =SUM(David!D38,Dave!D38,'Setter 5'!D38,Rosalie!D38,'Setter 8'!D38,'Setter 7'!D38,'Setter 6'!D38,Fabien!D38,'Setter 9'!D38,'Setter 10'!D38) -> 0 | E38: =SUM(David!E38,Dave!E38,'Setter 5'!E38,Rosalie!E38,'Setter 8'!E38,'Setter 7'!E38,'Setter 6'!E38,Fabien!E38,'Setter 9'!E38,'Setter 10'!E38) -> 0 | F38: =SUM(David!F38,Dave!F38,'Setter 5'!F38,Rosalie!F38,'Setter 8'!F38,'Setter 7'!F38,'Setter 6'!F38,Fabien!F38,'Setter 9'!F38,'Setter 10'!F38) -> 0 | G38: =SUM(David!G38,Dave!G38,'Setter 5'!G38,Rosalie!G38,'Setter 8'!G38,'Setter 7'!G38,'Setter 6'!G38,Fabien!G38,'Setter 9'!G38,'Setter 10'!G38) -> 0 | H38: =SUM(David!H38,Dave!H38,'Setter 5'!H38,Rosalie!H38,'Setter 8'!H38,'Setter 7'!H38,'Setter 6'!H38,Fabien!H38,'Setter 9'!H38,'Setter 10'!H38) -> 0 | I38: =SUM(David!I38,Dave!I38,'Setter 5'!I38,Rosalie!I38,'Setter 8'!I38,'Setter 7'!I38,'Setter 6'!I38,Fabien!I38,'Setter 9'!I38,'Setter 10'!I38) -> 0 | J38: =SUM(David!J38,Dave!G38,'Setter 5'!G38,Rosalie!G38,'Setter 8'!G38,'Setter 7'!G38,'Setter 6'!G38,Fabien!G38,'Setter 9'!G38,'Setter 10'!G38) -> 0 | K38: =IFERROR(C38/B38,"") | L38: =IFERROR(D38/(C38-E38),"") | M38: =IFERROR(F38/(C38-E38),"") | N38: =IFERROR(G38/(C38-E38),"") | O38: =IFERROR((C38-E38)/C38,"") | P38: =IFERROR(H38/D38,"") | Q38: =IFERROR(I38/D38,"") | R38: =IFERROR(B38/D38,"") | S38: =IFERROR(J38/D38,"") | T38: =SUM(David!T38,Dave!O38,'Setter 5'!O38,Rosalie!O38,'Setter 8'!O38,'Setter 7'!O38,'Setter 6'!O38,Fabien!O38,'Setter 9'!O38,'Setter 10'!O38) -> 0 | U38: =SUM(David!U38,Dave!P38,'Setter 5'!P38,Rosalie!P38,'Setter 8'!P38,'Setter 7'!P38,'Setter 6'!P38,Fabien!P38,'Setter 9'!P38,'Setter 10'!P38) -> 0 | V38: =SUM(David!V38,Dave!Q38,'Setter 5'!Q38,Rosalie!Q38,'Setter 8'!Q38,'Setter 7'!Q38,'Setter 6'!Q38,Fabien!Q38,'Setter 9'!Q38,'Setter 10'!Q38) -> 0 | W38: =SUM(David!W38,Dave!R38,'Setter 5'!R38,Rosalie!R38,'Setter 8'!R38,'Setter 7'!R38,'Setter 6'!R38,Fabien!R38,'Setter 9'!R38,'Setter 10'!R38) -> 0 | X38: =SUM(David!X38,Dave!S38,'Setter 5'!S38,Rosalie!S38,'Setter 8'!S38,'Setter 7'!S38,'Setter 6'!S38,Fabien!S38,'Setter 9'!S38,'Setter 10'!S38) -> 0 | Y38: =SUM(David!Y38,Dave!T38,'Setter 5'!T38,Rosalie!T38,'Setter 8'!T38,'Setter 7'!T38,'Setter 6'!T38,Fabien!T38,'Setter 9'!T38,'Setter 10'!T38) -> 0 | Z38: =SUM(David!Z38,Dave!U38,'Setter 5'!U38,Rosalie!U38,'Setter 8'!U38,'Setter 7'!U38,'Setter 6'!U38,Fabien!U38,'Setter 9'!U38,'Setter 10'!U38) -> 0 | AA38: =IFERROR(U38/T38,"") | AB38: =IFERROR(V38/U38,"") | AC38: =IFERROR(W38/V38,"") | AD38: =IFERROR(W38/U38,"") | AE38: =IFERROR(Y38/W38,"") | AF38: =IFERROR(X38/W38,"") | AG38: =IFERROR(T38/W38,"") | AH38: =IFERROR(Z38/W38,"") | AI38: =SUM(David!AI38,Dave!AB38,'Setter 5'!AB38,Rosalie!AB38,'Setter 8'!AB38,'Setter 7'!AB38,'Setter 6'!AB38,Fabien!AB38,'Setter 9'!AB38,'Setter 10'!AB38) -> 0 | AJ38: =SUM(David!AJ38,Dave!AC38,'Setter 5'!AC38,Rosalie!AC38,'Setter 8'!AC38,'Setter 7'!AC38,'Setter 6'!AC38,Fabien!AC38,'Setter 9'!AC38,'Setter 10'!AC38) -> 0 | AK38: =SUM(David!AK38,Dave!AD38,'Setter 5'!AD38,Rosalie!AD38,'Setter 8'!AD38,'Setter 7'!AD38,'Setter 6'!AD38,Fabien!AD38,'Setter 9'!AD38,'Setter 10'!AD38) -> 0 | AL38: =SUM(David!AL38,Dave!AE38,'Setter 5'!AE38,Rosalie!AE38,'Setter 8'!AE38,'Setter 7'!AE38,'Setter 6'!AE38,Fabien!AE38,'Setter 9'!AE38,'Setter 10'!AE38) -> 0 | AM38: =SUM(David!AM38,Dave!AF38,'Setter 5'!AF38,Rosalie!AF38,'Setter 8'!AF38,'Setter 7'!AF38,'Setter 6'!AF38,Fabien!AF38,'Setter 9'!AF38,'Setter 10'!AF38) -> 0 | AN38: =SUM(David!AN38,Dave!AG38,'Setter 5'!AG38,Rosalie!AG38,'Setter 8'!AG38,'Setter 7'!AG38,'Setter 6'!AG38,Fabien!AG38,'Setter 9'!AG38,'Setter 10'!AG38) -> 0 | AO38: =SUM(David!AO38,Dave!AH38,'Setter 5'!AH38,Rosalie!AH38,'Setter 8'!AH38,'Setter 7'!AH38,'Setter 6'!AH38,Fabien!AH38,'Setter 9'!AH38,'Setter 10'!AH38) -> 0 | AP38: =IFERROR(AO38/AI38,"") | AQ38: =IFERROR(AJ38/AI38,"") | AX38: =T38+B38+AI38 -> 0 | AY38: =AM38+X38+H38 -> 0 | AZ38: =AN38+I38 -> 0 | BA38: =AO38+J38 -> 0 | BB38: =IFERROR(AY38/AX38,"") | BC38: =IFERROR(AZ38/AX38,"") | BD38: =IFERROR(BA38/AX38,"")
A39: 44940 | B39: =SUM(David!B39,Dave!B39,'Setter 5'!B39,Rosalie!B39,'Setter 8'!B39,'Setter 7'!B39,'Setter 6'!B39,Fabien!B39,'Setter 9'!B39,'Setter 10'!B39) -> 0 | C39: =SUM(David!C39,Dave!C39,'Setter 5'!C39,Rosalie!C39,'Setter 8'!C39,'Setter 7'!C39,'Setter 6'!C39,Fabien!C39,'Setter 9'!C39,'Setter 10'!C39) -> 0 | D39: =SUM(David!D39,Dave!D39,'Setter 5'!D39,Rosalie!D39,'Setter 8'!D39,'Setter 7'!D39,'Setter 6'!D39,Fabien!D39,'Setter 9'!D39,'Setter 10'!D39) -> 0 | E39: =SUM(David!E39,Dave!E39,'Setter 5'!E39,Rosalie!E39,'Setter 8'!E39,'Setter 7'!E39,'Setter 6'!E39,Fabien!E39,'Setter 9'!E39,'Setter 10'!E39) -> 0 | F39: =SUM(David!F39,Dave!F39,'Setter 5'!F39,Rosalie!F39,'Setter 8'!F39,'Setter 7'!F39,'Setter 6'!F39,Fabien!F39,'Setter 9'!F39,'Setter 10'!F39) -> 0 | G39: =SUM(David!G39,Dave!G39,'Setter 5'!G39,Rosalie!G39,'Setter 8'!G39,'Setter 7'!G39,'Setter 6'!G39,Fabien!G39,'Setter 9'!G39,'Setter 10'!G39) -> 0 | H39: =SUM(David!H39,Dave!H39,'Setter 5'!H39,Rosalie!H39,'Setter 8'!H39,'Setter 7'!H39,'Setter 6'!H39,Fabien!H39,'Setter 9'!H39,'Setter 10'!H39) -> 0 | I39: =SUM(David!I39,Dave!I39,'Setter 5'!I39,Rosalie!I39,'Setter 8'!I39,'Setter 7'!I39,'Setter 6'!I39,Fabien!I39,'Setter 9'!I39,'Setter 10'!I39) -> 0 | J39: =SUM(David!J39,Dave!G39,'Setter 5'!G39,Rosalie!G39,'Setter 8'!G39,'Setter 7'!G39,'Setter 6'!G39,Fabien!G39,'Setter 9'!G39,'Setter 10'!G39) -> 0 | K39: =IFERROR(C39/B39,"") | L39: =IFERROR(D39/(C39-E39),"") | M39: =IFERROR(F39/(C39-E39),"") | N39: =IFERROR(G39/(C39-E39),"") | O39: =IFERROR((C39-E39)/C39,"") | P39: =IFERROR(H39/D39,"") | Q39: =IFERROR(I39/D39,"") | R39: =IFERROR(B39/D39,"") | S39: =IFERROR(J39/D39,"") | T39: =SUM(David!T39,Dave!O39,'Setter 5'!O39,Rosalie!O39,'Setter 8'!O39,'Setter 7'!O39,'Setter 6'!O39,Fabien!O39,'Setter 9'!O39,'Setter 10'!O39) -> 0 | U39: =SUM(David!U39,Dave!P39,'Setter 5'!P39,Rosalie!P39,'Setter 8'!P39,'Setter 7'!P39,'Setter 6'!P39,Fabien!P39,'Setter 9'!P39,'Setter 10'!P39) -> 0 | V39: =SUM(David!V39,Dave!Q39,'Setter 5'!Q39,Rosalie!Q39,'Setter 8'!Q39,'Setter 7'!Q39,'Setter 6'!Q39,Fabien!Q39,'Setter 9'!Q39,'Setter 10'!Q39) -> 0 | W39: =SUM(David!W39,Dave!R39,'Setter 5'!R39,Rosalie!R39,'Setter 8'!R39,'Setter 7'!R39,'Setter 6'!R39,Fabien!R39,'Setter 9'!R39,'Setter 10'!R39) -> 0 | X39: =SUM(David!X39,Dave!S39,'Setter 5'!S39,Rosalie!S39,'Setter 8'!S39,'Setter 7'!S39,'Setter 6'!S39,Fabien!S39,'Setter 9'!S39,'Setter 10'!S39) -> 0 | Y39: =SUM(David!Y39,Dave!T39,'Setter 5'!T39,Rosalie!T39,'Setter 8'!T39,'Setter 7'!T39,'Setter 6'!T39,Fabien!T39,'Setter 9'!T39,'Setter 10'!T39) -> 0 | Z39: =SUM(David!Z39,Dave!U39,'Setter 5'!U39,Rosalie!U39,'Setter 8'!U39,'Setter 7'!U39,'Setter 6'!U39,Fabien!U39,'Setter 9'!U39,'Setter 10'!U39) -> 0 | AA39: =IFERROR(U39/T39,"") | AB39: =IFERROR(V39/U39,"") | AC39: =IFERROR(W39/V39,"") | AD39: =IFERROR(W39/U39,"") | AE39: =IFERROR(Y39/W39,"") | AF39: =IFERROR(X39/W39,"") | AG39: =IFERROR(T39/W39,"") | AH39: =IFERROR(Z39/W39,"") | AI39: =SUM(David!AI39,Dave!AB39,'Setter 5'!AB39,Rosalie!AB39,'Setter 8'!AB39,'Setter 7'!AB39,'Setter 6'!AB39,Fabien!AB39,'Setter 9'!AB39,'Setter 10'!AB39) -> 0 | AJ39: =SUM(David!AJ39,Dave!AC39,'Setter 5'!AC39,Rosalie!AC39,'Setter 8'!AC39,'Setter 7'!AC39,'Setter 6'!AC39,Fabien!AC39,'Setter 9'!AC39,'Setter 10'!AC39) -> 0 | AK39: =SUM(David!AK39,Dave!AD39,'Setter 5'!AD39,Rosalie!AD39,'Setter 8'!AD39,'Setter 7'!AD39,'Setter 6'!AD39,Fabien!AD39,'Setter 9'!AD39,'Setter 10'!AD39) -> 0 | AL39: =SUM(David!AL39,Dave!AE39,'Setter 5'!AE39,Rosalie!AE39,'Setter 8'!AE39,'Setter 7'!AE39,'Setter 6'!AE39,Fabien!AE39,'Setter 9'!AE39,'Setter 10'!AE39) -> 0 | AM39: =SUM(David!AM39,Dave!AF39,'Setter 5'!AF39,Rosalie!AF39,'Setter 8'!AF39,'Setter 7'!AF39,'Setter 6'!AF39,Fabien!AF39,'Setter 9'!AF39,'Setter 10'!AF39) -> 0 | AN39: =SUM(David!AN39,Dave!AG39,'Setter 5'!AG39,Rosalie!AG39,'Setter 8'!AG39,'Setter 7'!AG39,'Setter 6'!AG39,Fabien!AG39,'Setter 9'!AG39,'Setter 10'!AG39) -> 0 | AO39: =SUM(David!AO39,Dave!AH39,'Setter 5'!AH39,Rosalie!AH39,'Setter 8'!AH39,'Setter 7'!AH39,'Setter 6'!AH39,Fabien!AH39,'Setter 9'!AH39,'Setter 10'!AH39) -> 0 | AP39: =IFERROR(AO39/AI39,"") | AQ39: =IFERROR(AJ39/AI39,"") | AX39: =T39+B39+AI39 -> 0 | AY39: =AM39+X39+H39 -> 0 | AZ39: =AN39+I39 -> 0 | BA39: =AO39+J39 -> 0 | BB39: =IFERROR(AY39/AX39,"") | BC39: =IFERROR(AZ39/AX39,"") | BD39: =IFERROR(BA39/AX39,"")
A40: 44941 | B40: =SUM(David!B40,Dave!B40,'Setter 5'!B40,Rosalie!B40,'Setter 8'!B40,'Setter 7'!B40,'Setter 6'!B40,Fabien!B40,'Setter 9'!B40,'Setter 10'!B40) -> 0 | C40: =SUM(David!C40,Dave!C40,'Setter 5'!C40,Rosalie!C40,'Setter 8'!C40,'Setter 7'!C40,'Setter 6'!C40,Fabien!C40,'Setter 9'!C40,'Setter 10'!C40) -> 0 | D40: =SUM(David!D40,Dave!D40,'Setter 5'!D40,Rosalie!D40,'Setter 8'!D40,'Setter 7'!D40,'Setter 6'!D40,Fabien!D40,'Setter 9'!D40,'Setter 10'!D40) -> 0 | E40: =SUM(David!E40,Dave!E40,'Setter 5'!E40,Rosalie!E40,'Setter 8'!E40,'Setter 7'!E40,'Setter 6'!E40,Fabien!E40,'Setter 9'!E40,'Setter 10'!E40) -> 0 | F40: =SUM(David!F40,Dave!F40,'Setter 5'!F40,Rosalie!F40,'Setter 8'!F40,'Setter 7'!F40,'Setter 6'!F40,Fabien!F40,'Setter 9'!F40,'Setter 10'!F40) -> 0 | G40: =SUM(David!G40,Dave!G40,'Setter 5'!G40,Rosalie!G40,'Setter 8'!G40,'Setter 7'!G40,'Setter 6'!G40,Fabien!G40,'Setter 9'!G40,'Setter 10'!G40) -> 0 | H40: =SUM(David!H40,Dave!H40,'Setter 5'!H40,Rosalie!H40,'Setter 8'!H40,'Setter 7'!H40,'Setter 6'!H40,Fabien!H40,'Setter 9'!H40,'Setter 10'!H40) -> 0 | I40: =SUM(David!I40,Dave!I40,'Setter 5'!I40,Rosalie!I40,'Setter 8'!I40,'Setter 7'!I40,'Setter 6'!I40,Fabien!I40,'Setter 9'!I40,'Setter 10'!I40) -> 0 | J40: =SUM(David!J40,Dave!G40,'Setter 5'!G40,Rosalie!G40,'Setter 8'!G40,'Setter 7'!G40,'Setter 6'!G40,Fabien!G40,'Setter 9'!G40,'Setter 10'!G40) -> 0 | K40: =IFERROR(C40/B40,"") | L40: =IFERROR(D40/(C40-E40),"") | M40: =IFERROR(F40/(C40-E40),"") | N40: =IFERROR(G40/(C40-E40),"") | O40: =IFERROR((C40-E40)/C40,"") | P40: =IFERROR(H40/D40,"") | Q40: =IFERROR(I40/D40,"") | R40: =IFERROR(B40/D40,"") | S40: =IFERROR(J40/D40,"") | T40: =SUM(David!T40,Dave!O40,'Setter 5'!O40,Rosalie!O40,'Setter 8'!O40,'Setter 7'!O40,'Setter 6'!O40,Fabien!O40,'Setter 9'!O40,'Setter 10'!O40) -> 0 | U40: =SUM(David!U40,Dave!P40,'Setter 5'!P40,Rosalie!P40,'Setter 8'!P40,'Setter 7'!P40,'Setter 6'!P40,Fabien!P40,'Setter 9'!P40,'Setter 10'!P40) -> 0 | V40: =SUM(David!V40,Dave!Q40,'Setter 5'!Q40,Rosalie!Q40,'Setter 8'!Q40,'Setter 7'!Q40,'Setter 6'!Q40,Fabien!Q40,'Setter 9'!Q40,'Setter 10'!Q40) -> 0 | W40: =SUM(David!W40,Dave!R40,'Setter 5'!R40,Rosalie!R40,'Setter 8'!R40,'Setter 7'!R40,'Setter 6'!R40,Fabien!R40,'Setter 9'!R40,'Setter 10'!R40) -> 0 | X40: =SUM(David!X40,Dave!S40,'Setter 5'!S40,Rosalie!S40,'Setter 8'!S40,'Setter 7'!S40,'Setter 6'!S40,Fabien!S40,'Setter 9'!S40,'Setter 10'!S40) -> 0 | Y40: =SUM(David!Y40,Dave!T40,'Setter 5'!T40,Rosalie!T40,'Setter 8'!T40,'Setter 7'!T40,'Setter 6'!T40,Fabien!T40,'Setter 9'!T40,'Setter 10'!T40) -> 0 | Z40: =SUM(David!Z40,Dave!U40,'Setter 5'!U40,Rosalie!U40,'Setter 8'!U40,'Setter 7'!U40,'Setter 6'!U40,Fabien!U40,'Setter 9'!U40,'Setter 10'!U40) -> 0 | AA40: =IFERROR(U40/T40,"") | AB40: =IFERROR(V40/U40,"") | AC40: =IFERROR(W40/V40,"") | AD40: =IFERROR(W40/U40,"") | AE40: =IFERROR(Y40/W40,"") | AF40: =IFERROR(X40/W40,"") | AG40: =IFERROR(T40/W40,"") | AH40: =IFERROR(Z40/W40,"") | AI40: =SUM(David!AI40,Dave!AB40,'Setter 5'!AB40,Rosalie!AB40,'Setter 8'!AB40,'Setter 7'!AB40,'Setter 6'!AB40,Fabien!AB40,'Setter 9'!AB40,'Setter 10'!AB40) -> 0 | AJ40: =SUM(David!AJ40,Dave!AC40,'Setter 5'!AC40,Rosalie!AC40,'Setter 8'!AC40,'Setter 7'!AC40,'Setter 6'!AC40,Fabien!AC40,'Setter 9'!AC40,'Setter 10'!AC40) -> 0 | AK40: =SUM(David!AK40,Dave!AD40,'Setter 5'!AD40,Rosalie!AD40,'Setter 8'!AD40,'Setter 7'!AD40,'Setter 6'!AD40,Fabien!AD40,'Setter 9'!AD40,'Setter 10'!AD40) -> 0 | AL40: =SUM(David!AL40,Dave!AE40,'Setter 5'!AE40,Rosalie!AE40,'Setter 8'!AE40,'Setter 7'!AE40,'Setter 6'!AE40,Fabien!AE40,'Setter 9'!AE40,'Setter 10'!AE40) -> 0 | AM40: =SUM(David!AM40,Dave!AF40,'Setter 5'!AF40,Rosalie!AF40,'Setter 8'!AF40,'Setter 7'!AF40,'Setter 6'!AF40,Fabien!AF40,'Setter 9'!AF40,'Setter 10'!AF40) -> 0 | AN40: =SUM(David!AN40,Dave!AG40,'Setter 5'!AG40,Rosalie!AG40,'Setter 8'!AG40,'Setter 7'!AG40,'Setter 6'!AG40,Fabien!AG40,'Setter 9'!AG40,'Setter 10'!AG40) -> 0 | AO40: =SUM(David!AO40,Dave!AH40,'Setter 5'!AH40,Rosalie!AH40,'Setter 8'!AH40,'Setter 7'!AH40,'Setter 6'!AH40,Fabien!AH40,'Setter 9'!AH40,'Setter 10'!AH40) -> 0 | AP40: =IFERROR(AO40/AI40,"") | AQ40: =IFERROR(AJ40/AI40,"") | AX40: =T40+B40+AI40 -> 0 | AY40: =AM40+X40+H40 -> 0 | AZ40: =AN40+I40 -> 0 | BA40: =AO40+J40 -> 0 | BB40: =IFERROR(AY40/AX40,"") | BC40: =IFERROR(AZ40/AX40,"") | BD40: =IFERROR(BA40/AX40,"")
A41: 44942 | B41: =SUM(David!B41,Dave!B41,'Setter 5'!B41,Rosalie!B41,'Setter 8'!B41,'Setter 7'!B41,'Setter 6'!B41,Fabien!B41,'Setter 9'!B41,'Setter 10'!B41) -> 0 | C41: =SUM(David!C41,Dave!C41,'Setter 5'!C41,Rosalie!C41,'Setter 8'!C41,'Setter 7'!C41,'Setter 6'!C41,Fabien!C41,'Setter 9'!C41,'Setter 10'!C41) -> 0 | D41: =SUM(David!D41,Dave!D41,'Setter 5'!D41,Rosalie!D41,'Setter 8'!D41,'Setter 7'!D41,'Setter 6'!D41,Fabien!D41,'Setter 9'!D41,'Setter 10'!D41) -> 0 | E41: =SUM(David!E41,Dave!E41,'Setter 5'!E41,Rosalie!E41,'Setter 8'!E41,'Setter 7'!E41,'Setter 6'!E41,Fabien!E41,'Setter 9'!E41,'Setter 10'!E41) -> 0 | F41: =SUM(David!F41,Dave!F41,'Setter 5'!F41,Rosalie!F41,'Setter 8'!F41,'Setter 7'!F41,'Setter 6'!F41,Fabien!F41,'Setter 9'!F41,'Setter 10'!F41) -> 0 | G41: =SUM(David!G41,Dave!G41,'Setter 5'!G41,Rosalie!G41,'Setter 8'!G41,'Setter 7'!G41,'Setter 6'!G41,Fabien!G41,'Setter 9'!G41,'Setter 10'!G41) -> 0 | H41: =SUM(David!H41,Dave!H41,'Setter 5'!H41,Rosalie!H41,'Setter 8'!H41,'Setter 7'!H41,'Setter 6'!H41,Fabien!H41,'Setter 9'!H41,'Setter 10'!H41) -> 0 | I41: =SUM(David!I41,Dave!I41,'Setter 5'!I41,Rosalie!I41,'Setter 8'!I41,'Setter 7'!I41,'Setter 6'!I41,Fabien!I41,'Setter 9'!I41,'Setter 10'!I41) -> 0 | J41: =SUM(David!J41,Dave!G41,'Setter 5'!G41,Rosalie!G41,'Setter 8'!G41,'Setter 7'!G41,'Setter 6'!G41,Fabien!G41,'Setter 9'!G41,'Setter 10'!G41) -> 0 | K41: =IFERROR(C41/B41,"") | L41: =IFERROR(D41/(C41-E41),"") | M41: =IFERROR(F41/(C41-E41),"") | N41: =IFERROR(G41/(C41-E41),"") | O41: =IFERROR((C41-E41)/C41,"") | P41: =IFERROR(H41/D41,"") | Q41: =IFERROR(I41/D41,"") | R41: =IFERROR(B41/D41,"") | S41: =IFERROR(J41/D41,"") | T41: =SUM(David!T41,Dave!O41,'Setter 5'!O41,Rosalie!O41,'Setter 8'!O41,'Setter 7'!O41,'Setter 6'!O41,Fabien!O41,'Setter 9'!O41,'Setter 10'!O41) -> 0 | U41: =SUM(David!U41,Dave!P41,'Setter 5'!P41,Rosalie!P41,'Setter 8'!P41,'Setter 7'!P41,'Setter 6'!P41,Fabien!P41,'Setter 9'!P41,'Setter 10'!P41) -> 0 | V41: =SUM(David!V41,Dave!Q41,'Setter 5'!Q41,Rosalie!Q41,'Setter 8'!Q41,'Setter 7'!Q41,'Setter 6'!Q41,Fabien!Q41,'Setter 9'!Q41,'Setter 10'!Q41) -> 0 | W41: =SUM(David!W41,Dave!R41,'Setter 5'!R41,Rosalie!R41,'Setter 8'!R41,'Setter 7'!R41,'Setter 6'!R41,Fabien!R41,'Setter 9'!R41,'Setter 10'!R41) -> 0 | X41: =SUM(David!X41,Dave!S41,'Setter 5'!S41,Rosalie!S41,'Setter 8'!S41,'Setter 7'!S41,'Setter 6'!S41,Fabien!S41,'Setter 9'!S41,'Setter 10'!S41) -> 0 | Y41: =SUM(David!Y41,Dave!T41,'Setter 5'!T41,Rosalie!T41,'Setter 8'!T41,'Setter 7'!T41,'Setter 6'!T41,Fabien!T41,'Setter 9'!T41,'Setter 10'!T41) -> 0 | Z41: =SUM(David!Z41,Dave!U41,'Setter 5'!U41,Rosalie!U41,'Setter 8'!U41,'Setter 7'!U41,'Setter 6'!U41,Fabien!U41,'Setter 9'!U41,'Setter 10'!U41) -> 0 | AA41: =IFERROR(U41/T41,"") | AB41: =IFERROR(V41/U41,"") | AC41: =IFERROR(W41/V41,"") | AD41: =IFERROR(W41/U41,"") | AE41: =IFERROR(Y41/W41,"") | AF41: =IFERROR(X41/W41,"") | AG41: =IFERROR(T41/W41,"") | AH41: =IFERROR(Z41/W41,"") | AI41: =SUM(David!AI41,Dave!AB41,'Setter 5'!AB41,Rosalie!AB41,'Setter 8'!AB41,'Setter 7'!AB41,'Setter 6'!AB41,Fabien!AB41,'Setter 9'!AB41,'Setter 10'!AB41) -> 0 | AJ41: =SUM(David!AJ41,Dave!AC41,'Setter 5'!AC41,Rosalie!AC41,'Setter 8'!AC41,'Setter 7'!AC41,'Setter 6'!AC41,Fabien!AC41,'Setter 9'!AC41,'Setter 10'!AC41) -> 0 | AK41: =SUM(David!AK41,Dave!AD41,'Setter 5'!AD41,Rosalie!AD41,'Setter 8'!AD41,'Setter 7'!AD41,'Setter 6'!AD41,Fabien!AD41,'Setter 9'!AD41,'Setter 10'!AD41) -> 0 | AL41: =SUM(David!AL41,Dave!AE41,'Setter 5'!AE41,Rosalie!AE41,'Setter 8'!AE41,'Setter 7'!AE41,'Setter 6'!AE41,Fabien!AE41,'Setter 9'!AE41,'Setter 10'!AE41) -> 0 | AM41: =SUM(David!AM41,Dave!AF41,'Setter 5'!AF41,Rosalie!AF41,'Setter 8'!AF41,'Setter 7'!AF41,'Setter 6'!AF41,Fabien!AF41,'Setter 9'!AF41,'Setter 10'!AF41) -> 0 | AN41: =SUM(David!AN41,Dave!AG41,'Setter 5'!AG41,Rosalie!AG41,'Setter 8'!AG41,'Setter 7'!AG41,'Setter 6'!AG41,Fabien!AG41,'Setter 9'!AG41,'Setter 10'!AG41) -> 0 | AO41: =SUM(David!AO41,Dave!AH41,'Setter 5'!AH41,Rosalie!AH41,'Setter 8'!AH41,'Setter 7'!AH41,'Setter 6'!AH41,Fabien!AH41,'Setter 9'!AH41,'Setter 10'!AH41) -> 0 | AP41: =IFERROR(AO41/AI41,"") | AQ41: =IFERROR(AJ41/AI41,"") | AX41: =T41+B41+AI41 -> 0 | AY41: =AM41+X41+H41 -> 0 | AZ41: =AN41+I41 -> 0 | BA41: =AO41+J41 -> 0 | BB41: =IFERROR(AY41/AX41,"") | BC41: =IFERROR(AZ41/AX41,"") | BD41: =IFERROR(BA41/AX41,"")
A42: 44943 | B42: =SUM(David!B42,Dave!B42,'Setter 5'!B42,Rosalie!B42,'Setter 8'!B42,'Setter 7'!B42,'Setter 6'!B42,Fabien!B42,'Setter 9'!B42,'Setter 10'!B42) -> 0 | C42: =SUM(David!C42,Dave!C42,'Setter 5'!C42,Rosalie!C42,'Setter 8'!C42,'Setter 7'!C42,'Setter 6'!C42,Fabien!C42,'Setter 9'!C42,'Setter 10'!C42) -> 0 | D42: =SUM(David!D42,Dave!D42,'Setter 5'!D42,Rosalie!D42,'Setter 8'!D42,'Setter 7'!D42,'Setter 6'!D42,Fabien!D42,'Setter 9'!D42,'Setter 10'!D42) -> 0 | E42: =SUM(David!E42,Dave!E42,'Setter 5'!E42,Rosalie!E42,'Setter 8'!E42,'Setter 7'!E42,'Setter 6'!E42,Fabien!E42,'Setter 9'!E42,'Setter 10'!E42) -> 0 | F42: =SUM(David!F42,Dave!F42,'Setter 5'!F42,Rosalie!F42,'Setter 8'!F42,'Setter 7'!F42,'Setter 6'!F42,Fabien!F42,'Setter 9'!F42,'Setter 10'!F42) -> 0 | G42: =SUM(David!G42,Dave!G42,'Setter 5'!G42,Rosalie!G42,'Setter 8'!G42,'Setter 7'!G42,'Setter 6'!G42,Fabien!G42,'Setter 9'!G42,'Setter 10'!G42) -> 0 | H42: =SUM(David!H42,Dave!H42,'Setter 5'!H42,Rosalie!H42,'Setter 8'!H42,'Setter 7'!H42,'Setter 6'!H42,Fabien!H42,'Setter 9'!H42,'Setter 10'!H42) -> 0 | I42: =SUM(David!I42,Dave!I42,'Setter 5'!I42,Rosalie!I42,'Setter 8'!I42,'Setter 7'!I42,'Setter 6'!I42,Fabien!I42,'Setter 9'!I42,'Setter 10'!I42) -> 0 | J42: =SUM(David!J42,Dave!G42,'Setter 5'!G42,Rosalie!G42,'Setter 8'!G42,'Setter 7'!G42,'Setter 6'!G42,Fabien!G42,'Setter 9'!G42,'Setter 10'!G42) -> 0 | K42: =IFERROR(C42/B42,"") | L42: =IFERROR(D42/(C42-E42),"") | M42: =IFERROR(F42/(C42-E42),"") | N42: =IFERROR(G42/(C42-E42),"") | O42: =IFERROR((C42-E42)/C42,"") | P42: =IFERROR(H42/D42,"") | Q42: =IFERROR(I42/D42,"") | R42: =IFERROR(B42/D42,"") | S42: =IFERROR(J42/D42,"") | T42: =SUM(David!T42,Dave!O42,'Setter 5'!O42,Rosalie!O42,'Setter 8'!O42,'Setter 7'!O42,'Setter 6'!O42,Fabien!O42,'Setter 9'!O42,'Setter 10'!O42) -> 0 | U42: =SUM(David!U42,Dave!P42,'Setter 5'!P42,Rosalie!P42,'Setter 8'!P42,'Setter 7'!P42,'Setter 6'!P42,Fabien!P42,'Setter 9'!P42,'Setter 10'!P42) -> 0 | V42: =SUM(David!V42,Dave!Q42,'Setter 5'!Q42,Rosalie!Q42,'Setter 8'!Q42,'Setter 7'!Q42,'Setter 6'!Q42,Fabien!Q42,'Setter 9'!Q42,'Setter 10'!Q42) -> 0 | W42: =SUM(David!W42,Dave!R42,'Setter 5'!R42,Rosalie!R42,'Setter 8'!R42,'Setter 7'!R42,'Setter 6'!R42,Fabien!R42,'Setter 9'!R42,'Setter 10'!R42) -> 0 | X42: =SUM(David!X42,Dave!S42,'Setter 5'!S42,Rosalie!S42,'Setter 8'!S42,'Setter 7'!S42,'Setter 6'!S42,Fabien!S42,'Setter 9'!S42,'Setter 10'!S42) -> 0 | Y42: =SUM(David!Y42,Dave!T42,'Setter 5'!T42,Rosalie!T42,'Setter 8'!T42,'Setter 7'!T42,'Setter 6'!T42,Fabien!T42,'Setter 9'!T42,'Setter 10'!T42) -> 0 | Z42: =SUM(David!Z42,Dave!U42,'Setter 5'!U42,Rosalie!U42,'Setter 8'!U42,'Setter 7'!U42,'Setter 6'!U42,Fabien!U42,'Setter 9'!U42,'Setter 10'!U42) -> 0 | AA42: =IFERROR(U42/T42,"") | AB42: =IFERROR(V42/U42,"") | AC42: =IFERROR(W42/V42,"") | AD42: =IFERROR(W42/U42,"") | AE42: =IFERROR(Y42/W42,"") | AF42: =IFERROR(X42/W42,"") | AG42: =IFERROR(T42/W42,"") | AH42: =IFERROR(Z42/W42,"") | AI42: =SUM(David!AI42,Dave!AB42,'Setter 5'!AB42,Rosalie!AB42,'Setter 8'!AB42,'Setter 7'!AB42,'Setter 6'!AB42,Fabien!AB42,'Setter 9'!AB42,'Setter 10'!AB42) -> 0 | AJ42: =SUM(David!AJ42,Dave!AC42,'Setter 5'!AC42,Rosalie!AC42,'Setter 8'!AC42,'Setter 7'!AC42,'Setter 6'!AC42,Fabien!AC42,'Setter 9'!AC42,'Setter 10'!AC42) -> 0 | AK42: =SUM(David!AK42,Dave!AD42,'Setter 5'!AD42,Rosalie!AD42,'Setter 8'!AD42,'Setter 7'!AD42,'Setter 6'!AD42,Fabien!AD42,'Setter 9'!AD42,'Setter 10'!AD42) -> 0 | AL42: =SUM(David!AL42,Dave!AE42,'Setter 5'!AE42,Rosalie!AE42,'Setter 8'!AE42,'Setter 7'!AE42,'Setter 6'!AE42,Fabien!AE42,'Setter 9'!AE42,'Setter 10'!AE42) -> 0 | AM42: =SUM(David!AM42,Dave!AF42,'Setter 5'!AF42,Rosalie!AF42,'Setter 8'!AF42,'Setter 7'!AF42,'Setter 6'!AF42,Fabien!AF42,'Setter 9'!AF42,'Setter 10'!AF42) -> 0 | AN42: =SUM(David!AN42,Dave!AG42,'Setter 5'!AG42,Rosalie!AG42,'Setter 8'!AG42,'Setter 7'!AG42,'Setter 6'!AG42,Fabien!AG42,'Setter 9'!AG42,'Setter 10'!AG42) -> 0 | AO42: =SUM(David!AO42,Dave!AH42,'Setter 5'!AH42,Rosalie!AH42,'Setter 8'!AH42,'Setter 7'!AH42,'Setter 6'!AH42,Fabien!AH42,'Setter 9'!AH42,'Setter 10'!AH42) -> 0 | AP42: =IFERROR(AO42/AI42,"") | AQ42: =IFERROR(AJ42/AI42,"") | AX42: =T42+B42+AI42 -> 0 | AY42: =AM42+X42+H42 -> 0 | AZ42: =AN42+I42 -> 0 | BA42: =AO42+J42 -> 0 | BB42: =IFERROR(AY42/AX42,"") | BC42: =IFERROR(AZ42/AX42,"") | BD42: =IFERROR(BA42/AX42,"")
A43: 44944 | B43: =SUM(David!B43,Dave!B43,'Setter 5'!B43,Rosalie!B43,'Setter 8'!B43,'Setter 7'!B43,'Setter 6'!B43,Fabien!B43,'Setter 9'!B43,'Setter 10'!B43) -> 0 | C43: =SUM(David!C43,Dave!C43,'Setter 5'!C43,Rosalie!C43,'Setter 8'!C43,'Setter 7'!C43,'Setter 6'!C43,Fabien!C43,'Setter 9'!C43,'Setter 10'!C43) -> 0 | D43: =SUM(David!D43,Dave!D43,'Setter 5'!D43,Rosalie!D43,'Setter 8'!D43,'Setter 7'!D43,'Setter 6'!D43,Fabien!D43,'Setter 9'!D43,'Setter 10'!D43) -> 0 | E43: =SUM(David!E43,Dave!E43,'Setter 5'!E43,Rosalie!E43,'Setter 8'!E43,'Setter 7'!E43,'Setter 6'!E43,Fabien!E43,'Setter 9'!E43,'Setter 10'!E43) -> 0 | F43: =SUM(David!F43,Dave!F43,'Setter 5'!F43,Rosalie!F43,'Setter 8'!F43,'Setter 7'!F43,'Setter 6'!F43,Fabien!F43,'Setter 9'!F43,'Setter 10'!F43) -> 0 | G43: =SUM(David!G43,Dave!G43,'Setter 5'!G43,Rosalie!G43,'Setter 8'!G43,'Setter 7'!G43,'Setter 6'!G43,Fabien!G43,'Setter 9'!G43,'Setter 10'!G43) -> 0 | H43: =SUM(David!H43,Dave!H43,'Setter 5'!H43,Rosalie!H43,'Setter 8'!H43,'Setter 7'!H43,'Setter 6'!H43,Fabien!H43,'Setter 9'!H43,'Setter 10'!H43) -> 0 | I43: =SUM(David!I43,Dave!I43,'Setter 5'!I43,Rosalie!I43,'Setter 8'!I43,'Setter 7'!I43,'Setter 6'!I43,Fabien!I43,'Setter 9'!I43,'Setter 10'!I43) -> 0 | J43: =SUM(David!J43,Dave!G43,'Setter 5'!G43,Rosalie!G43,'Setter 8'!G43,'Setter 7'!G43,'Setter 6'!G43,Fabien!G43,'Setter 9'!G43,'Setter 10'!G43) -> 0 | K43: =IFERROR(C43/B43,"") | L43: =IFERROR(D43/(C43-E43),"") | M43: =IFERROR(F43/(C43-E43),"") | N43: =IFERROR(G43/(C43-E43),"") | O43: =IFERROR((C43-E43)/C43,"") | P43: =IFERROR(H43/D43,"") | Q43: =IFERROR(I43/D43,"") | R43: =IFERROR(B43/D43,"") | S43: =IFERROR(J43/D43,"") | T43: =SUM(David!T43,Dave!O43,'Setter 5'!O43,Rosalie!O43,'Setter 8'!O43,'Setter 7'!O43,'Setter 6'!O43,Fabien!O43,'Setter 9'!O43,'Setter 10'!O43) -> 0 | U43: =SUM(David!U43,Dave!P43,'Setter 5'!P43,Rosalie!P43,'Setter 8'!P43,'Setter 7'!P43,'Setter 6'!P43,Fabien!P43,'Setter 9'!P43,'Setter 10'!P43) -> 0 | V43: =SUM(David!V43,Dave!Q43,'Setter 5'!Q43,Rosalie!Q43,'Setter 8'!Q43,'Setter 7'!Q43,'Setter 6'!Q43,Fabien!Q43,'Setter 9'!Q43,'Setter 10'!Q43) -> 0 | W43: =SUM(David!W43,Dave!R43,'Setter 5'!R43,Rosalie!R43,'Setter 8'!R43,'Setter 7'!R43,'Setter 6'!R43,Fabien!R43,'Setter 9'!R43,'Setter 10'!R43) -> 0 | X43: =SUM(David!X43,Dave!S43,'Setter 5'!S43,Rosalie!S43,'Setter 8'!S43,'Setter 7'!S43,'Setter 6'!S43,Fabien!S43,'Setter 9'!S43,'Setter 10'!S43) -> 0 | Y43: =SUM(David!Y43,Dave!T43,'Setter 5'!T43,Rosalie!T43,'Setter 8'!T43,'Setter 7'!T43,'Setter 6'!T43,Fabien!T43,'Setter 9'!T43,'Setter 10'!T43) -> 0 | Z43: =SUM(David!Z43,Dave!U43,'Setter 5'!U43,Rosalie!U43,'Setter 8'!U43,'Setter 7'!U43,'Setter 6'!U43,Fabien!U43,'Setter 9'!U43,'Setter 10'!U43) -> 0 | AA43: =IFERROR(U43/T43,"") | AB43: =IFERROR(V43/U43,"") | AC43: =IFERROR(W43/V43,"") | AD43: =IFERROR(W43/U43,"") | AE43: =IFERROR(Y43/W43,"") | AF43: =IFERROR(X43/W43,"") | AG43: =IFERROR(T43/W43,"") | AH43: =IFERROR(Z43/W43,"") | AI43: =SUM(David!AI43,Dave!AB43,'Setter 5'!AB43,Rosalie!AB43,'Setter 8'!AB43,'Setter 7'!AB43,'Setter 6'!AB43,Fabien!AB43,'Setter 9'!AB43,'Setter 10'!AB43) -> 0 | AJ43: =SUM(David!AJ43,Dave!AC43,'Setter 5'!AC43,Rosalie!AC43,'Setter 8'!AC43,'Setter 7'!AC43,'Setter 6'!AC43,Fabien!AC43,'Setter 9'!AC43,'Setter 10'!AC43) -> 0 | AK43: =SUM(David!AK43,Dave!AD43,'Setter 5'!AD43,Rosalie!AD43,'Setter 8'!AD43,'Setter 7'!AD43,'Setter 6'!AD43,Fabien!AD43,'Setter 9'!AD43,'Setter 10'!AD43) -> 0 | AL43: =SUM(David!AL43,Dave!AE43,'Setter 5'!AE43,Rosalie!AE43,'Setter 8'!AE43,'Setter 7'!AE43,'Setter 6'!AE43,Fabien!AE43,'Setter 9'!AE43,'Setter 10'!AE43) -> 0 | AM43: =SUM(David!AM43,Dave!AF43,'Setter 5'!AF43,Rosalie!AF43,'Setter 8'!AF43,'Setter 7'!AF43,'Setter 6'!AF43,Fabien!AF43,'Setter 9'!AF43,'Setter 10'!AF43) -> 0 | AN43: =SUM(David!AN43,Dave!AG43,'Setter 5'!AG43,Rosalie!AG43,'Setter 8'!AG43,'Setter 7'!AG43,'Setter 6'!AG43,Fabien!AG43,'Setter 9'!AG43,'Setter 10'!AG43) -> 0 | AO43: =SUM(David!AO43,Dave!AH43,'Setter 5'!AH43,Rosalie!AH43,'Setter 8'!AH43,'Setter 7'!AH43,'Setter 6'!AH43,Fabien!AH43,'Setter 9'!AH43,'Setter 10'!AH43) -> 0 | AP43: =IFERROR(AO43/AI43,"") | AQ43: =IFERROR(AJ43/AI43,"") | AX43: =T43+B43+AI43 -> 0 | AY43: =AM43+X43+H43 -> 0 | AZ43: =AN43+I43 -> 0 | BA43: =AO43+J43 -> 0 | BB43: =IFERROR(AY43/AX43,"") | BC43: =IFERROR(AZ43/AX43,"") | BD43: =IFERROR(BA43/AX43,"")
A44: 44945 | B44: =SUM(David!B44,Dave!B44,'Setter 5'!B44,Rosalie!B44,'Setter 8'!B44,'Setter 7'!B44,'Setter 6'!B44,Fabien!B44,'Setter 9'!B44,'Setter 10'!B44) -> 0 | C44: =SUM(David!C44,Dave!C44,'Setter 5'!C44,Rosalie!C44,'Setter 8'!C44,'Setter 7'!C44,'Setter 6'!C44,Fabien!C44,'Setter 9'!C44,'Setter 10'!C44) -> 0 | D44: =SUM(David!D44,Dave!D44,'Setter 5'!D44,Rosalie!D44,'Setter 8'!D44,'Setter 7'!D44,'Setter 6'!D44,Fabien!D44,'Setter 9'!D44,'Setter 10'!D44) -> 0 | E44: =SUM(David!E44,Dave!E44,'Setter 5'!E44,Rosalie!E44,'Setter 8'!E44,'Setter 7'!E44,'Setter 6'!E44,Fabien!E44,'Setter 9'!E44,'Setter 10'!E44) -> 0 | F44: =SUM(David!F44,Dave!F44,'Setter 5'!F44,Rosalie!F44,'Setter 8'!F44,'Setter 7'!F44,'Setter 6'!F44,Fabien!F44,'Setter 9'!F44,'Setter 10'!F44) -> 0 | G44: =SUM(David!G44,Dave!G44,'Setter 5'!G44,Rosalie!G44,'Setter 8'!G44,'Setter 7'!G44,'Setter 6'!G44,Fabien!G44,'Setter 9'!G44,'Setter 10'!G44) -> 0 | H44: =SUM(David!H44,Dave!H44,'Setter 5'!H44,Rosalie!H44,'Setter 8'!H44,'Setter 7'!H44,'Setter 6'!H44,Fabien!H44,'Setter 9'!H44,'Setter 10'!H44) -> 0 | I44: =SUM(David!I44,Dave!I44,'Setter 5'!I44,Rosalie!I44,'Setter 8'!I44,'Setter 7'!I44,'Setter 6'!I44,Fabien!I44,'Setter 9'!I44,'Setter 10'!I44) -> 0 | J44: =SUM(David!J44,Dave!G44,'Setter 5'!G44,Rosalie!G44,'Setter 8'!G44,'Setter 7'!G44,'Setter 6'!G44,Fabien!G44,'Setter 9'!G44,'Setter 10'!G44) -> 0 | K44: =IFERROR(C44/B44,"") | L44: =IFERROR(D44/(C44-E44),"") | M44: =IFERROR(F44/(C44-E44),"") | N44: =IFERROR(G44/(C44-E44),"") | O44: =IFERROR((C44-E44)/C44,"") | P44: =IFERROR(H44/D44,"") | Q44: =IFERROR(I44/D44,"") | R44: =IFERROR(B44/D44,"") | S44: =IFERROR(J44/D44,"") | T44: =SUM(David!T44,Dave!O44,'Setter 5'!O44,Rosalie!O44,'Setter 8'!O44,'Setter 7'!O44,'Setter 6'!O44,Fabien!O44,'Setter 9'!O44,'Setter 10'!O44) -> 0 | U44: =SUM(David!U44,Dave!P44,'Setter 5'!P44,Rosalie!P44,'Setter 8'!P44,'Setter 7'!P44,'Setter 6'!P44,Fabien!P44,'Setter 9'!P44,'Setter 10'!P44) -> 0 | V44: =SUM(David!V44,Dave!Q44,'Setter 5'!Q44,Rosalie!Q44,'Setter 8'!Q44,'Setter 7'!Q44,'Setter 6'!Q44,Fabien!Q44,'Setter 9'!Q44,'Setter 10'!Q44) -> 0 | W44: =SUM(David!W44,Dave!R44,'Setter 5'!R44,Rosalie!R44,'Setter 8'!R44,'Setter 7'!R44,'Setter 6'!R44,Fabien!R44,'Setter 9'!R44,'Setter 10'!R44) -> 0 | X44: =SUM(David!X44,Dave!S44,'Setter 5'!S44,Rosalie!S44,'Setter 8'!S44,'Setter 7'!S44,'Setter 6'!S44,Fabien!S44,'Setter 9'!S44,'Setter 10'!S44) -> 0 | Y44: =SUM(David!Y44,Dave!T44,'Setter 5'!T44,Rosalie!T44,'Setter 8'!T44,'Setter 7'!T44,'Setter 6'!T44,Fabien!T44,'Setter 9'!T44,'Setter 10'!T44) -> 0 | Z44: =SUM(David!Z44,Dave!U44,'Setter 5'!U44,Rosalie!U44,'Setter 8'!U44,'Setter 7'!U44,'Setter 6'!U44,Fabien!U44,'Setter 9'!U44,'Setter 10'!U44) -> 0 | AA44: =IFERROR(U44/T44,"") | AB44: =IFERROR(V44/U44,"") | AC44: =IFERROR(W44/V44,"") | AD44: =IFERROR(W44/U44,"") | AE44: =IFERROR(Y44/W44,"") | AF44: =IFERROR(X44/W44,"") | AG44: =IFERROR(T44/W44,"") | AH44: =IFERROR(Z44/W44,"") | AI44: =SUM(David!AI44,Dave!AB44,'Setter 5'!AB44,Rosalie!AB44,'Setter 8'!AB44,'Setter 7'!AB44,'Setter 6'!AB44,Fabien!AB44,'Setter 9'!AB44,'Setter 10'!AB44) -> 0 | AJ44: =SUM(David!AJ44,Dave!AC44,'Setter 5'!AC44,Rosalie!AC44,'Setter 8'!AC44,'Setter 7'!AC44,'Setter 6'!AC44,Fabien!AC44,'Setter 9'!AC44,'Setter 10'!AC44) -> 0 | AK44: =SUM(David!AK44,Dave!AD44,'Setter 5'!AD44,Rosalie!AD44,'Setter 8'!AD44,'Setter 7'!AD44,'Setter 6'!AD44,Fabien!AD44,'Setter 9'!AD44,'Setter 10'!AD44) -> 0 | AL44: =SUM(David!AL44,Dave!AE44,'Setter 5'!AE44,Rosalie!AE44,'Setter 8'!AE44,'Setter 7'!AE44,'Setter 6'!AE44,Fabien!AE44,'Setter 9'!AE44,'Setter 10'!AE44) -> 0 | AM44: =SUM(David!AM44,Dave!AF44,'Setter 5'!AF44,Rosalie!AF44,'Setter 8'!AF44,'Setter 7'!AF44,'Setter 6'!AF44,Fabien!AF44,'Setter 9'!AF44,'Setter 10'!AF44) -> 0 | AN44: =SUM(David!AN44,Dave!AG44,'Setter 5'!AG44,Rosalie!AG44,'Setter 8'!AG44,'Setter 7'!AG44,'Setter 6'!AG44,Fabien!AG44,'Setter 9'!AG44,'Setter 10'!AG44) -> 0 | AO44: =SUM(David!AO44,Dave!AH44,'Setter 5'!AH44,Rosalie!AH44,'Setter 8'!AH44,'Setter 7'!AH44,'Setter 6'!AH44,Fabien!AH44,'Setter 9'!AH44,'Setter 10'!AH44) -> 0 | AP44: =IFERROR(AO44/AI44,"") | AQ44: =IFERROR(AJ44/AI44,"") | AX44: =T44+B44+AI44 -> 0 | AY44: =AM44+X44+H44 -> 0 | AZ44: =AN44+I44 -> 0 | BA44: =AO44+J44 -> 0 | BB44: =IFERROR(AY44/AX44,"") | BC44: =IFERROR(AZ44/AX44,"") | BD44: =IFERROR(BA44/AX44,"")
... A56: 44957 | B56: =SUM(David!B56,Dave!B56,'Setter 5'!B56,Rosalie!B56,'Setter 8'!B56,'Setter 7'!B56,'Setter 6'!B56,Fabien!B56,'Setter 9'!B56,'Setter 10'!B56) -> 0 | C56: =SUM(David!C56,Dave!C56,'Setter 5'!C56,Rosalie!C56,'Setter 8'!C56,'Setter 7'!C56,'Setter 6'!C56,Fabien!C56,'Setter 9'!C56,'Setter 10'!C56) -> 0 | D56: =SUM(David!D56,Dave!D56,'Setter 5'!D56,Rosalie!D56,'Setter 8'!D56,'Setter 7'!D56,'Setter 6'!D56,Fabien!D56,'Setter 9'!D56,'Setter 10'!D56) -> 0 | E56: =SUM(David!E56,Dave!E56,'Setter 5'!E56,Rosalie!E56,'Setter 8'!E56,'Setter 7'!E56,'Setter 6'!E56,Fabien!E56,'Setter 9'!E56,'Setter 10'!E56) -> 0 | F56: =SUM(David!F56,Dave!F56,'Setter 5'!F56,Rosalie!F56,'Setter 8'!F56,'Setter 7'!F56,'Setter 6'!F56,Fabien!F56,'Setter 9'!F56,'Setter 10'!F56) -> 0 | G56: =SUM(David!G56,Dave!G56,'Setter 5'!G56,Rosalie!G56,'Setter 8'!G56,'Setter 7'!G56,'Setter 6'!G56,Fabien!G56,'Setter 9'!G56,'Setter 10'!G56) -> 0 | H56: =SUM(David!H56,Dave!H56,'Setter 5'!H56,Rosalie!H56,'Setter 8'!H56,'Setter 7'!H56,'Setter 6'!H56,Fabien!H56,'Setter 9'!H56,'Setter 10'!H56) -> 0 | I56: =SUM(David!I56,Dave!I56,'Setter 5'!I56,Rosalie!I56,'Setter 8'!I56,'Setter 7'!I56,'Setter 6'!I56,Fabien!I56,'Setter 9'!I56,'Setter 10'!I56) -> 0 | J56: =SUM(David!J56,Dave!G56,'Setter 5'!G56,Rosalie!G56,'Setter 8'!G56,'Setter 7'!G56,'Setter 6'!G56,Fabien!G56,'Setter 9'!G56,'Setter 10'!G56) -> 0 | K56: =IFERROR(C56/B56,"") | L56: =IFERROR(D56/(C56-E56),"") | M56: =IFERROR(F56/(C56-E56),"") | N56: =IFERROR(G56/(C56-E56),"") | O56: =IFERROR((C56-E56)/C56,"") | P56: =IFERROR(H56/D56,"") | Q56: =IFERROR(I56/D56,"") | R56: =IFERROR(B56/D56,"") | S56: =IFERROR(J56/D56,"") | T56: =SUM(David!T56,Dave!O56,'Setter 5'!O56,Rosalie!O56,'Setter 8'!O56,'Setter 7'!O56,'Setter 6'!O56,Fabien!O56,'Setter 9'!O56,'Setter 10'!O56) -> 0 | U56: =SUM(David!U56,Dave!P56,'Setter 5'!P56,Rosalie!P56,'Setter 8'!P56,'Setter 7'!P56,'Setter 6'!P56,Fabien!P56,'Setter 9'!P56,'Setter 10'!P56) -> 0 | V56: =SUM(David!V56,Dave!Q56,'Setter 5'!Q56,Rosalie!Q56,'Setter 8'!Q56,'Setter 7'!Q56,'Setter 6'!Q56,Fabien!Q56,'Setter 9'!Q56,'Setter 10'!Q56) -> 0 | W56: =SUM(David!W56,Dave!R56,'Setter 5'!R56,Rosalie!R56,'Setter 8'!R56,'Setter 7'!R56,'Setter 6'!R56,Fabien!R56,'Setter 9'!R56,'Setter 10'!R56) -> 0 | X56: =SUM(David!X56,Dave!S56,'Setter 5'!S56,Rosalie!S56,'Setter 8'!S56,'Setter 7'!S56,'Setter 6'!S56,Fabien!S56,'Setter 9'!S56,'Setter 10'!S56) -> 0 | Y56: =SUM(David!Y56,Dave!T56,'Setter 5'!T56,Rosalie!T56,'Setter 8'!T56,'Setter 7'!T56,'Setter 6'!T56,Fabien!T56,'Setter 9'!T56,'Setter 10'!T56) -> 0 | Z56: =SUM(David!Z56,Dave!U56,'Setter 5'!U56,Rosalie!U56,'Setter 8'!U56,'Setter 7'!U56,'Setter 6'!U56,Fabien!U56,'Setter 9'!U56,'Setter 10'!U56) -> 0 | AA56: =IFERROR(U56/T56,"") | AB56: =IFERROR(V56/U56,"") | AC56: =IFERROR(W56/V56,"") | AD56: =IFERROR(W56/U56,"") | AE56: =IFERROR(Y56/W56,"") | AF56: =IFERROR(X56/W56,"") | AG56: =IFERROR(T56/W56,"") | AH56: =IFERROR(Z56/W56,"") | AI56: =SUM(David!AI56,Dave!AB56,'Setter 5'!AB56,Rosalie!AB56,'Setter 8'!AB56,'Setter 7'!AB56,'Setter 6'!AB56,Fabien!AB56,'Setter 9'!AB56,'Setter 10'!AB56) -> 0 | AJ56: =SUM(David!AJ56,Dave!AC56,'Setter 5'!AC56,Rosalie!AC56,'Setter 8'!AC56,'Setter 7'!AC56,'Setter 6'!AC56,Fabien!AC56,'Setter 9'!AC56,'Setter 10'!AC56) -> 0 | AK56: =SUM(David!AK56,Dave!AD56,'Setter 5'!AD56,Rosalie!AD56,'Setter 8'!AD56,'Setter 7'!AD56,'Setter 6'!AD56,Fabien!AD56,'Setter 9'!AD56,'Setter 10'!AD56) -> 0 | AL56: =SUM(David!AL56,Dave!AE56,'Setter 5'!AE56,Rosalie!AE56,'Setter 8'!AE56,'Setter 7'!AE56,'Setter 6'!AE56,Fabien!AE56,'Setter 9'!AE56,'Setter 10'!AE56) -> 0 | AM56: =SUM(David!AM56,Dave!AF56,'Setter 5'!AF56,Rosalie!AF56,'Setter 8'!AF56,'Setter 7'!AF56,'Setter 6'!AF56,Fabien!AF56,'Setter 9'!AF56,'Setter 10'!AF56) -> 0 | AN56: =SUM(David!AN56,Dave!AG56,'Setter 5'!AG56,Rosalie!AG56,'Setter 8'!AG56,'Setter 7'!AG56,'Setter 6'!AG56,Fabien!AG56,'Setter 9'!AG56,'Setter 10'!AG56) -> 0 | AO56: =SUM(David!AO56,Dave!AH56,'Setter 5'!AH56,Rosalie!AH56,'Setter 8'!AH56,'Setter 7'!AH56,'Setter 6'!AH56,Fabien!AH56,'Setter 9'!AH56,'Setter 10'!AH56) -> 0 | AP56: =IFERROR(AO56/AI56,"") | AQ56: =IFERROR(AJ56/AI56,"") | AX56: =T56+B56+AI56 -> 0 | AY56: =AM56+X56+H56 -> 0 | AZ56: =AN56+I56 -> 0 | BA56: =AO56+J56 -> 0 | BB56: =IFERROR(AY56/AX56,"") | BC56: =IFERROR(AZ56/AX56,"") | BD56: =IFERROR(BA56/AX56,"")
AA57: =IFERROR(U57/T57,"") | AB57: =IFERROR(V57/U57,"") | AC57: =IFERROR(W57/V57,"") | AD57: =IFERROR(W57/U57,"") | AE57: =IFERROR(Y57/W57,"") | AF57: =IFERROR(X57/W57,"") | AG57: =IFERROR(T57/W57,"") | AH57: =IFERROR(Z57/W57,"") | BB57: =IFERROR(AY57/AX57,"") | BC57: =IFERROR(AZ57/AX57,"") | BD57: =IFERROR(BA57/AX57,"")
A58: 44958 | B58: =SUM(David!B58,Dave!B58,'Setter 5'!B58,Rosalie!B58,'Setter 8'!B58,'Setter 7'!B58,'Setter 6'!B58,Fabien!B58,'Setter 9'!B58,'Setter 10'!B58) -> 0 | C58: =SUM(David!C58,Dave!C58,'Setter 5'!C58,Rosalie!C58,'Setter 8'!C58,'Setter 7'!C58,'Setter 6'!C58,Fabien!C58,'Setter 9'!C58,'Setter 10'!C58) -> 0 | D58: =SUM(David!D58,Dave!D58,'Setter 5'!D58,Rosalie!D58,'Setter 8'!D58,'Setter 7'!D58,'Setter 6'!D58,Fabien!D58,'Setter 9'!D58,'Setter 10'!D58) -> 0 | E58: =SUM(David!E58,Dave!E58,'Setter 5'!E58,Rosalie!E58,'Setter 8'!E58,'Setter 7'!E58,'Setter 6'!E58,Fabien!E58,'Setter 9'!E58,'Setter 10'!E58) -> 0 | F58: =SUM(David!F58,Dave!F58,'Setter 5'!F58,Rosalie!F58,'Setter 8'!F58,'Setter 7'!F58,'Setter 6'!F58,Fabien!F58,'Setter 9'!F58,'Setter 10'!F58) -> 0 | G58: =SUM(David!G58,Dave!G58,'Setter 5'!G58,Rosalie!G58,'Setter 8'!G58,'Setter 7'!G58,'Setter 6'!G58,Fabien!G58,'Setter 9'!G58,'Setter 10'!G58) -> 0 | H58: =SUM(David!H58,Dave!H58,'Setter 5'!H58,Rosalie!H58,'Setter 8'!H58,'Setter 7'!H58,'Setter 6'!H58,Fabien!H58,'Setter 9'!H58,'Setter 10'!H58) -> 0 | I58: =SUM(David!I58,Dave!I58,'Setter 5'!I58,Rosalie!I58,'Setter 8'!I58,'Setter 7'!I58,'Setter 6'!I58,Fabien!I58,'Setter 9'!I58,'Setter 10'!I58) -> 0 | J58: =SUM(David!J58,Dave!G58,'Setter 5'!G58,Rosalie!G58,'Setter 8'!G58,'Setter 7'!G58,'Setter 6'!G58,Fabien!G58,'Setter 9'!G58,'Setter 10'!G58) -> 0 | K58: =IFERROR(C58/B58,"") | L58: =IFERROR(D58/(C58-E58),"") | M58: =IFERROR(F58/(C58-E58),"") | N58: =IFERROR(G58/(C58-E58),"") | O58: =IFERROR((C58-E58)/C58,"") | P58: =IFERROR(H58/D58,"") | Q58: =IFERROR(I58/D58,"") | R58: =IFERROR(B58/D58,"") | S58: =IFERROR(J58/D58,"") | T58: =SUM(David!T58,Dave!O58,'Setter 5'!O58,Rosalie!O58,'Setter 8'!O58,'Setter 7'!O58,'Setter 6'!O58,Fabien!O58,'Setter 9'!O58,'Setter 10'!O58) -> 0 | U58: =SUM(David!U58,Dave!P58,'Setter 5'!P58,Rosalie!P58,'Setter 8'!P58,'Setter 7'!P58,'Setter 6'!P58,Fabien!P58,'Setter 9'!P58,'Setter 10'!P58) -> 0 | V58: =SUM(David!V58,Dave!Q58,'Setter 5'!Q58,Rosalie!Q58,'Setter 8'!Q58,'Setter 7'!Q58,'Setter 6'!Q58,Fabien!Q58,'Setter 9'!Q58,'Setter 10'!Q58) -> 0 | W58: =SUM(David!W58,Dave!R58,'Setter 5'!R58,Rosalie!R58,'Setter 8'!R58,'Setter 7'!R58,'Setter 6'!R58,Fabien!R58,'Setter 9'!R58,'Setter 10'!R58) -> 0 | X58: =SUM(David!X58,Dave!S58,'Setter 5'!S58,Rosalie!S58,'Setter 8'!S58,'Setter 7'!S58,'Setter 6'!S58,Fabien!S58,'Setter 9'!S58,'Setter 10'!S58) -> 0 | Y58: =SUM(David!Y58,Dave!T58,'Setter 5'!T58,Rosalie!T58,'Setter 8'!T58,'Setter 7'!T58,'Setter 6'!T58,Fabien!T58,'Setter 9'!T58,'Setter 10'!T58) -> 0 | Z58: =SUM(David!Z58,Dave!U58,'Setter 5'!U58,Rosalie!U58,'Setter 8'!U58,'Setter 7'!U58,'Setter 6'!U58,Fabien!U58,'Setter 9'!U58,'Setter 10'!U58) -> 0 | AA58: =IFERROR(U58/T58,"") | AB58: =IFERROR(V58/U58,"") | AC58: =IFERROR(W58/V58,"") | AD58: =IFERROR(W58/U58,"") | AE58: =IFERROR(Y58/W58,"") | AF58: =IFERROR(X58/W58,"") | AG58: =IFERROR(T58/W58,"") | AH58: =IFERROR(Z58/W58,"") | AI58: =SUM(David!AI58,Dave!AB58,'Setter 5'!AB58,Rosalie!AB58,'Setter 8'!AB58,'Setter 7'!AB58,'Setter 6'!AB58,Fabien!AB58,'Setter 9'!AB58,'Setter 10'!AB58) -> 0 | AJ58: =SUM(David!AJ58,Dave!AC58,'Setter 5'!AC58,Rosalie!AC58,'Setter 8'!AC58,'Setter 7'!AC58,'Setter 6'!AC58,Fabien!AC58,'Setter 9'!AC58,'Setter 10'!AC58) -> 0 | AK58: =SUM(David!AK58,Dave!AD58,'Setter 5'!AD58,Rosalie!AD58,'Setter 8'!AD58,'Setter 7'!AD58,'Setter 6'!AD58,Fabien!AD58,'Setter 9'!AD58,'Setter 10'!AD58) -> 0 | AL58: =SUM(David!AL58,Dave!AE58,'Setter 5'!AE58,Rosalie!AE58,'Setter 8'!AE58,'Setter 7'!AE58,'Setter 6'!AE58,Fabien!AE58,'Setter 9'!AE58,'Setter 10'!AE58) -> 0 | AM58: =SUM(David!AM58,Dave!AF58,'Setter 5'!AF58,Rosalie!AF58,'Setter 8'!AF58,'Setter 7'!AF58,'Setter 6'!AF58,Fabien!AF58,'Setter 9'!AF58,'Setter 10'!AF58) -> 0 | AN58: =SUM(David!AN58,Dave!AG58,'Setter 5'!AG58,Rosalie!AG58,'Setter 8'!AG58,'Setter 7'!AG58,'Setter 6'!AG58,Fabien!AG58,'Setter 9'!AG58,'Setter 10'!AG58) -> 0 | AO58: =SUM(David!AO58,Dave!AH58,'Setter 5'!AH58,Rosalie!AH58,'Setter 8'!AH58,'Setter 7'!AH58,'Setter 6'!AH58,Fabien!AH58,'Setter 9'!AH58,'Setter 10'!AH58) -> 0 | AP58: =IFERROR(AO58/AI58,"") | AQ58: =IFERROR(AJ58/AI58,"") | AX58: =T58+B58+AI58 -> 0 | AY58: =AM58+X58+H58 -> 0 | AZ58: =AN58+I58 -> 0 | BA58: =AO58+J58 -> 0 | BB58: =IFERROR(AY58/AX58,"") | BC58: =IFERROR(AZ58/AX58,"") | BD58: =IFERROR(BA58/AX58,"")
A59: 44959 | B59: =SUM(David!B59,Dave!B59,'Setter 5'!B59,Rosalie!B59,'Setter 8'!B59,'Setter 7'!B59,'Setter 6'!B59,Fabien!B59,'Setter 9'!B59,'Setter 10'!B59) -> 0 | C59: =SUM(David!C59,Dave!C59,'Setter 5'!C59,Rosalie!C59,'Setter 8'!C59,'Setter 7'!C59,'Setter 6'!C59,Fabien!C59,'Setter 9'!C59,'Setter 10'!C59) -> 0 | D59: =SUM(David!D59,Dave!D59,'Setter 5'!D59,Rosalie!D59,'Setter 8'!D59,'Setter 7'!D59,'Setter 6'!D59,Fabien!D59,'Setter 9'!D59,'Setter 10'!D59) -> 0 | E59: =SUM(David!E59,Dave!E59,'Setter 5'!E59,Rosalie!E59,'Setter 8'!E59,'Setter 7'!E59,'Setter 6'!E59,Fabien!E59,'Setter 9'!E59,'Setter 10'!E59) -> 0 | F59: =SUM(David!F59,Dave!F59,'Setter 5'!F59,Rosalie!F59,'Setter 8'!F59,'Setter 7'!F59,'Setter 6'!F59,Fabien!F59,'Setter 9'!F59,'Setter 10'!F59) -> 0 | G59: =SUM(David!G59,Dave!G59,'Setter 5'!G59,Rosalie!G59,'Setter 8'!G59,'Setter 7'!G59,'Setter 6'!G59,Fabien!G59,'Setter 9'!G59,'Setter 10'!G59) -> 0 | H59: =SUM(David!H59,Dave!H59,'Setter 5'!H59,Rosalie!H59,'Setter 8'!H59,'Setter 7'!H59,'Setter 6'!H59,Fabien!H59,'Setter 9'!H59,'Setter 10'!H59) -> 0 | I59: =SUM(David!I59,Dave!I59,'Setter 5'!I59,Rosalie!I59,'Setter 8'!I59,'Setter 7'!I59,'Setter 6'!I59,Fabien!I59,'Setter 9'!I59,'Setter 10'!I59) -> 0 | J59: =SUM(David!J59,Dave!G59,'Setter 5'!G59,Rosalie!G59,'Setter 8'!G59,'Setter 7'!G59,'Setter 6'!G59,Fabien!G59,'Setter 9'!G59,'Setter 10'!G59) -> 0 | K59: =IFERROR(C59/B59,"") | L59: =IFERROR(D59/(C59-E59),"") | M59: =IFERROR(F59/(C59-E59),"") | N59: =IFERROR(G59/(C59-E59),"") | O59: =IFERROR((C59-E59)/C59,"") | P59: =IFERROR(H59/D59,"") | Q59: =IFERROR(I59/D59,"") | R59: =IFERROR(B59/D59,"") | S59: =IFERROR(J59/D59,"") | T59: =SUM(David!T59,Dave!O59,'Setter 5'!O59,Rosalie!O59,'Setter 8'!O59,'Setter 7'!O59,'Setter 6'!O59,Fabien!O59,'Setter 9'!O59,'Setter 10'!O59) -> 0 | U59: =SUM(David!U59,Dave!P59,'Setter 5'!P59,Rosalie!P59,'Setter 8'!P59,'Setter 7'!P59,'Setter 6'!P59,Fabien!P59,'Setter 9'!P59,'Setter 10'!P59) -> 0 | V59: =SUM(David!V59,Dave!Q59,'Setter 5'!Q59,Rosalie!Q59,'Setter 8'!Q59,'Setter 7'!Q59,'Setter 6'!Q59,Fabien!Q59,'Setter 9'!Q59,'Setter 10'!Q59) -> 0 | W59: =SUM(David!W59,Dave!R59,'Setter 5'!R59,Rosalie!R59,'Setter 8'!R59,'Setter 7'!R59,'Setter 6'!R59,Fabien!R59,'Setter 9'!R59,'Setter 10'!R59) -> 0 | X59: =SUM(David!X59,Dave!S59,'Setter 5'!S59,Rosalie!S59,'Setter 8'!S59,'Setter 7'!S59,'Setter 6'!S59,Fabien!S59,'Setter 9'!S59,'Setter 10'!S59) -> 0 | Y59: =SUM(David!Y59,Dave!T59,'Setter 5'!T59,Rosalie!T59,'Setter 8'!T59,'Setter 7'!T59,'Setter 6'!T59,Fabien!T59,'Setter 9'!T59,'Setter 10'!T59) -> 0 | Z59: =SUM(David!Z59,Dave!U59,'Setter 5'!U59,Rosalie!U59,'Setter 8'!U59,'Setter 7'!U59,'Setter 6'!U59,Fabien!U59,'Setter 9'!U59,'Setter 10'!U59) -> 0 | AA59: =IFERROR(U59/T59,"") | AB59: =IFERROR(V59/U59,"") | AC59: =IFERROR(W59/V59,"") | AD59: =IFERROR(W59/U59,"") | AE59: =IFERROR(Y59/W59,"") | AF59: =IFERROR(X59/W59,"") | AG59: =IFERROR(T59/W59,"") | AH59: =IFERROR(Z59/W59,"") | AI59: =SUM(David!AI59,Dave!AB59,'Setter 5'!AB59,Rosalie!AB59,'Setter 8'!AB59,'Setter 7'!AB59,'Setter 6'!AB59,Fabien!AB59,'Setter 9'!AB59,'Setter 10'!AB59) -> 0 | AJ59: =SUM(David!AJ59,Dave!AC59,'Setter 5'!AC59,Rosalie!AC59,'Setter 8'!AC59,'Setter 7'!AC59,'Setter 6'!AC59,Fabien!AC59,'Setter 9'!AC59,'Setter 10'!AC59) -> 0 | AK59: =SUM(David!AK59,Dave!AD59,'Setter 5'!AD59,Rosalie!AD59,'Setter 8'!AD59,'Setter 7'!AD59,'Setter 6'!AD59,Fabien!AD59,'Setter 9'!AD59,'Setter 10'!AD59) -> 0 | AL59: =SUM(David!AL59,Dave!AE59,'Setter 5'!AE59,Rosalie!AE59,'Setter 8'!AE59,'Setter 7'!AE59,'Setter 6'!AE59,Fabien!AE59,'Setter 9'!AE59,'Setter 10'!AE59) -> 0 | AM59: =SUM(David!AM59,Dave!AF59,'Setter 5'!AF59,Rosalie!AF59,'Setter 8'!AF59,'Setter 7'!AF59,'Setter 6'!AF59,Fabien!AF59,'Setter 9'!AF59,'Setter 10'!AF59) -> 0 | AN59: =SUM(David!AN59,Dave!AG59,'Setter 5'!AG59,Rosalie!AG59,'Setter 8'!AG59,'Setter 7'!AG59,'Setter 6'!AG59,Fabien!AG59,'Setter 9'!AG59,'Setter 10'!AG59) -> 0 | AO59: =SUM(David!AO59,Dave!AH59,'Setter 5'!AH59,Rosalie!AH59,'Setter 8'!AH59,'Setter 7'!AH59,'Setter 6'!AH59,Fabien!AH59,'Setter 9'!AH59,'Setter 10'!AH59) -> 0 | AP59: =IFERROR(AO59/AI59,"") | AQ59: =IFERROR(AJ59/AI59,"") | AX59: =T59+B59+AI59 -> 0 | AY59: =AM59+X59+H59 -> 0 | AZ59: =AN59+I59 -> 0 | BA59: =AO59+J59 -> 0 | BB59: =IFERROR(AY59/AX59,"") | BC59: =IFERROR(AZ59/AX59,"") | BD59: =IFERROR(BA59/AX59,"")
A60: 44960 | B60: =SUM(David!B60,Dave!B60,'Setter 5'!B60,Rosalie!B60,'Setter 8'!B60,'Setter 7'!B60,'Setter 6'!B60,Fabien!B60,'Setter 9'!B60,'Setter 10'!B60) -> 0 | C60: =SUM(David!C60,Dave!C60,'Setter 5'!C60,Rosalie!C60,'Setter 8'!C60,'Setter 7'!C60,'Setter 6'!C60,Fabien!C60,'Setter 9'!C60,'Setter 10'!C60) -> 0 | D60: =SUM(David!D60,Dave!D60,'Setter 5'!D60,Rosalie!D60,'Setter 8'!D60,'Setter 7'!D60,'Setter 6'!D60,Fabien!D60,'Setter 9'!D60,'Setter 10'!D60) -> 0 | E60: =SUM(David!E60,Dave!E60,'Setter 5'!E60,Rosalie!E60,'Setter 8'!E60,'Setter 7'!E60,'Setter 6'!E60,Fabien!E60,'Setter 9'!E60,'Setter 10'!E60) -> 0 | F60: =SUM(David!F60,Dave!F60,'Setter 5'!F60,Rosalie!F60,'Setter 8'!F60,'Setter 7'!F60,'Setter 6'!F60,Fabien!F60,'Setter 9'!F60,'Setter 10'!F60) -> 0 | G60: =SUM(David!G60,Dave!G60,'Setter 5'!G60,Rosalie!G60,'Setter 8'!G60,'Setter 7'!G60,'Setter 6'!G60,Fabien!G60,'Setter 9'!G60,'Setter 10'!G60) -> 0 | H60: =SUM(David!H60,Dave!H60,'Setter 5'!H60,Rosalie!H60,'Setter 8'!H60,'Setter 7'!H60,'Setter 6'!H60,Fabien!H60,'Setter 9'!H60,'Setter 10'!H60) -> 0 | I60: =SUM(David!I60,Dave!I60,'Setter 5'!I60,Rosalie!I60,'Setter 8'!I60,'Setter 7'!I60,'Setter 6'!I60,Fabien!I60,'Setter 9'!I60,'Setter 10'!I60) -> 0 | J60: =SUM(David!J60,Dave!G60,'Setter 5'!G60,Rosalie!G60,'Setter 8'!G60,'Setter 7'!G60,'Setter 6'!G60,Fabien!G60,'Setter 9'!G60,'Setter 10'!G60) -> 0 | K60: =IFERROR(C60/B60,"") | L60: =IFERROR(D60/(C60-E60),"") | M60: =IFERROR(F60/(C60-E60),"") | N60: =IFERROR(G60/(C60-E60),"") | O60: =IFERROR((C60-E60)/C60,"") | P60: =IFERROR(H60/D60,"") | Q60: =IFERROR(I60/D60,"") | R60: =IFERROR(B60/D60,"") | S60: =IFERROR(J60/D60,"") | T60: =SUM(David!T60,Dave!O60,'Setter 5'!O60,Rosalie!O60,'Setter 8'!O60,'Setter 7'!O60,'Setter 6'!O60,Fabien!O60,'Setter 9'!O60,'Setter 10'!O60) -> 0 | U60: =SUM(David!U60,Dave!P60,'Setter 5'!P60,Rosalie!P60,'Setter 8'!P60,'Setter 7'!P60,'Setter 6'!P60,Fabien!P60,'Setter 9'!P60,'Setter 10'!P60) -> 0 | V60: =SUM(David!V60,Dave!Q60,'Setter 5'!Q60,Rosalie!Q60,'Setter 8'!Q60,'Setter 7'!Q60,'Setter 6'!Q60,Fabien!Q60,'Setter 9'!Q60,'Setter 10'!Q60) -> 0 | W60: =SUM(David!W60,Dave!R60,'Setter 5'!R60,Rosalie!R60,'Setter 8'!R60,'Setter 7'!R60,'Setter 6'!R60,Fabien!R60,'Setter 9'!R60,'Setter 10'!R60) -> 0 | X60: =SUM(David!X60,Dave!S60,'Setter 5'!S60,Rosalie!S60,'Setter 8'!S60,'Setter 7'!S60,'Setter 6'!S60,Fabien!S60,'Setter 9'!S60,'Setter 10'!S60) -> 0 | Y60: =SUM(David!Y60,Dave!T60,'Setter 5'!T60,Rosalie!T60,'Setter 8'!T60,'Setter 7'!T60,'Setter 6'!T60,Fabien!T60,'Setter 9'!T60,'Setter 10'!T60) -> 0 | Z60: =SUM(David!Z60,Dave!U60,'Setter 5'!U60,Rosalie!U60,'Setter 8'!U60,'Setter 7'!U60,'Setter 6'!U60,Fabien!U60,'Setter 9'!U60,'Setter 10'!U60) -> 0 | AA60: =IFERROR(U60/T60,"") | AB60: =IFERROR(V60/U60,"") | AC60: =IFERROR(W60/V60,"") | AD60: =IFERROR(W60/U60,"") | AE60: =IFERROR(Y60/W60,"") | AF60: =IFERROR(X60/W60,"") | AG60: =IFERROR(T60/W60,"") | AH60: =IFERROR(Z60/W60,"") | AI60: =SUM(David!AI60,Dave!AB60,'Setter 5'!AB60,Rosalie!AB60,'Setter 8'!AB60,'Setter 7'!AB60,'Setter 6'!AB60,Fabien!AB60,'Setter 9'!AB60,'Setter 10'!AB60) -> 0 | AJ60: =SUM(David!AJ60,Dave!AC60,'Setter 5'!AC60,Rosalie!AC60,'Setter 8'!AC60,'Setter 7'!AC60,'Setter 6'!AC60,Fabien!AC60,'Setter 9'!AC60,'Setter 10'!AC60) -> 0 | AK60: =SUM(David!AK60,Dave!AD60,'Setter 5'!AD60,Rosalie!AD60,'Setter 8'!AD60,'Setter 7'!AD60,'Setter 6'!AD60,Fabien!AD60,'Setter 9'!AD60,'Setter 10'!AD60) -> 0 | AL60: =SUM(David!AL60,Dave!AE60,'Setter 5'!AE60,Rosalie!AE60,'Setter 8'!AE60,'Setter 7'!AE60,'Setter 6'!AE60,Fabien!AE60,'Setter 9'!AE60,'Setter 10'!AE60) -> 0 | AM60: =SUM(David!AM60,Dave!AF60,'Setter 5'!AF60,Rosalie!AF60,'Setter 8'!AF60,'Setter 7'!AF60,'Setter 6'!AF60,Fabien!AF60,'Setter 9'!AF60,'Setter 10'!AF60) -> 0 | AN60: =SUM(David!AN60,Dave!AG60,'Setter 5'!AG60,Rosalie!AG60,'Setter 8'!AG60,'Setter 7'!AG60,'Setter 6'!AG60,Fabien!AG60,'Setter 9'!AG60,'Setter 10'!AG60) -> 0 | AO60: =SUM(David!AO60,Dave!AH60,'Setter 5'!AH60,Rosalie!AH60,'Setter 8'!AH60,'Setter 7'!AH60,'Setter 6'!AH60,Fabien!AH60,'Setter 9'!AH60,'Setter 10'!AH60) -> 0 | AP60: =IFERROR(AO60/AI60,"") | AQ60: =IFERROR(AJ60/AI60,"") | AX60: =T60+B60+AI60 -> 0 | AY60: =AM60+X60+H60 -> 0 | AZ60: =AN60+I60 -> 0 | BA60: =AO60+J60 -> 0 | BB60: =IFERROR(AY60/AX60,"") | BC60: =IFERROR(AZ60/AX60,"") | BD60: =IFERROR(BA60/AX60,"")
A61: 44961 | B61: =SUM(David!B61,Dave!B61,'Setter 5'!B61,Rosalie!B61,'Setter 8'!B61,'Setter 7'!B61,'Setter 6'!B61,Fabien!B61,'Setter 9'!B61,'Setter 10'!B61) -> 0 | C61: =SUM(David!C61,Dave!C61,'Setter 5'!C61,Rosalie!C61,'Setter 8'!C61,'Setter 7'!C61,'Setter 6'!C61,Fabien!C61,'Setter 9'!C61,'Setter 10'!C61) -> 0 | D61: =SUM(David!D61,Dave!D61,'Setter 5'!D61,Rosalie!D61,'Setter 8'!D61,'Setter 7'!D61,'Setter 6'!D61,Fabien!D61,'Setter 9'!D61,'Setter 10'!D61) -> 0 | E61: =SUM(David!E61,Dave!E61,'Setter 5'!E61,Rosalie!E61,'Setter 8'!E61,'Setter 7'!E61,'Setter 6'!E61,Fabien!E61,'Setter 9'!E61,'Setter 10'!E61) -> 0 | F61: =SUM(David!F61,Dave!F61,'Setter 5'!F61,Rosalie!F61,'Setter 8'!F61,'Setter 7'!F61,'Setter 6'!F61,Fabien!F61,'Setter 9'!F61,'Setter 10'!F61) -> 0 | G61: =SUM(David!G61,Dave!G61,'Setter 5'!G61,Rosalie!G61,'Setter 8'!G61,'Setter 7'!G61,'Setter 6'!G61,Fabien!G61,'Setter 9'!G61,'Setter 10'!G61) -> 0 | H61: =SUM(David!H61,Dave!H61,'Setter 5'!H61,Rosalie!H61,'Setter 8'!H61,'Setter 7'!H61,'Setter 6'!H61,Fabien!H61,'Setter 9'!H61,'Setter 10'!H61) -> 0 | I61: =SUM(David!I61,Dave!I61,'Setter 5'!I61,Rosalie!I61,'Setter 8'!I61,'Setter 7'!I61,'Setter 6'!I61,Fabien!I61,'Setter 9'!I61,'Setter 10'!I61) -> 0 | J61: =SUM(David!J61,Dave!G61,'Setter 5'!G61,Rosalie!G61,'Setter 8'!G61,'Setter 7'!G61,'Setter 6'!G61,Fabien!G61,'Setter 9'!G61,'Setter 10'!G61) -> 0 | K61: =IFERROR(C61/B61,"") | L61: =IFERROR(D61/(C61-E61),"") | M61: =IFERROR(F61/(C61-E61),"") | N61: =IFERROR(G61/(C61-E61),"") | O61: =IFERROR((C61-E61)/C61,"") | P61: =IFERROR(H61/D61,"") | Q61: =IFERROR(I61/D61,"") | R61: =IFERROR(B61/D61,"") | S61: =IFERROR(J61/D61,"") | T61: =SUM(David!T61,Dave!O61,'Setter 5'!O61,Rosalie!O61,'Setter 8'!O61,'Setter 7'!O61,'Setter 6'!O61,Fabien!O61,'Setter 9'!O61,'Setter 10'!O61) -> 0 | U61: =SUM(David!U61,Dave!P61,'Setter 5'!P61,Rosalie!P61,'Setter 8'!P61,'Setter 7'!P61,'Setter 6'!P61,Fabien!P61,'Setter 9'!P61,'Setter 10'!P61) -> 0 | V61: =SUM(David!V61,Dave!Q61,'Setter 5'!Q61,Rosalie!Q61,'Setter 8'!Q61,'Setter 7'!Q61,'Setter 6'!Q61,Fabien!Q61,'Setter 9'!Q61,'Setter 10'!Q61) -> 0 | W61: =SUM(David!W61,Dave!R61,'Setter 5'!R61,Rosalie!R61,'Setter 8'!R61,'Setter 7'!R61,'Setter 6'!R61,Fabien!R61,'Setter 9'!R61,'Setter 10'!R61) -> 0 | X61: =SUM(David!X61,Dave!S61,'Setter 5'!S61,Rosalie!S61,'Setter 8'!S61,'Setter 7'!S61,'Setter 6'!S61,Fabien!S61,'Setter 9'!S61,'Setter 10'!S61) -> 0 | Y61: =SUM(David!Y61,Dave!T61,'Setter 5'!T61,Rosalie!T61,'Setter 8'!T61,'Setter 7'!T61,'Setter 6'!T61,Fabien!T61,'Setter 9'!T61,'Setter 10'!T61) -> 0 | Z61: =SUM(David!Z61,Dave!U61,'Setter 5'!U61,Rosalie!U61,'Setter 8'!U61,'Setter 7'!U61,'Setter 6'!U61,Fabien!U61,'Setter 9'!U61,'Setter 10'!U61) -> 0 | AA61: =IFERROR(U61/T61,"") | AB61: =IFERROR(V61/U61,"") | AC61: =IFERROR(W61/V61,"") | AD61: =IFERROR(W61/U61,"") | AE61: =IFERROR(Y61/W61,"") | AF61: =IFERROR(X61/W61,"") | AG61: =IFERROR(T61/W61,"") | AH61: =IFERROR(Z61/W61,"") | AI61: =SUM(David!AI61,Dave!AB61,'Setter 5'!AB61,Rosalie!AB61,'Setter 8'!AB61,'Setter 7'!AB61,'Setter 6'!AB61,Fabien!AB61,'Setter 9'!AB61,'Setter 10'!AB61) -> 0 | AJ61: =SUM(David!AJ61,Dave!AC61,'Setter 5'!AC61,Rosalie!AC61,'Setter 8'!AC61,'Setter 7'!AC61,'Setter 6'!AC61,Fabien!AC61,'Setter 9'!AC61,'Setter 10'!AC61) -> 0 | AK61: =SUM(David!AK61,Dave!AD61,'Setter 5'!AD61,Rosalie!AD61,'Setter 8'!AD61,'Setter 7'!AD61,'Setter 6'!AD61,Fabien!AD61,'Setter 9'!AD61,'Setter 10'!AD61) -> 0 | AL61: =SUM(David!AL61,Dave!AE61,'Setter 5'!AE61,Rosalie!AE61,'Setter 8'!AE61,'Setter 7'!AE61,'Setter 6'!AE61,Fabien!AE61,'Setter 9'!AE61,'Setter 10'!AE61) -> 0 | AM61: =SUM(David!AM61,Dave!AF61,'Setter 5'!AF61,Rosalie!AF61,'Setter 8'!AF61,'Setter 7'!AF61,'Setter 6'!AF61,Fabien!AF61,'Setter 9'!AF61,'Setter 10'!AF61) -> 0 | AN61: =SUM(David!AN61,Dave!AG61,'Setter 5'!AG61,Rosalie!AG61,'Setter 8'!AG61,'Setter 7'!AG61,'Setter 6'!AG61,Fabien!AG61,'Setter 9'!AG61,'Setter 10'!AG61) -> 0 | AO61: =SUM(David!AO61,Dave!AH61,'Setter 5'!AH61,Rosalie!AH61,'Setter 8'!AH61,'Setter 7'!AH61,'Setter 6'!AH61,Fabien!AH61,'Setter 9'!AH61,'Setter 10'!AH61) -> 0 | AP61: =IFERROR(AO61/AI61,"") | AQ61: =IFERROR(AJ61/AI61,"") | AX61: =T61+B61+AI61 -> 0 | AY61: =AM61+X61+H61 -> 0 | AZ61: =AN61+I61 -> 0 | BA61: =AO61+J61 -> 0 | BB61: =IFERROR(AY61/AX61,"") | BC61: =IFERROR(AZ61/AX61,"") | BD61: =IFERROR(BA61/AX61,"")
A62: 44962 | B62: =SUM(David!B62,Dave!B62,'Setter 5'!B62,Rosalie!B62,'Setter 8'!B62,'Setter 7'!B62,'Setter 6'!B62,Fabien!B62,'Setter 9'!B62,'Setter 10'!B62) -> 0 | C62: =SUM(David!C62,Dave!C62,'Setter 5'!C62,Rosalie!C62,'Setter 8'!C62,'Setter 7'!C62,'Setter 6'!C62,Fabien!C62,'Setter 9'!C62,'Setter 10'!C62) -> 0 | D62: =SUM(David!D62,Dave!D62,'Setter 5'!D62,Rosalie!D62,'Setter 8'!D62,'Setter 7'!D62,'Setter 6'!D62,Fabien!D62,'Setter 9'!D62,'Setter 10'!D62) -> 0 | E62: =SUM(David!E62,Dave!E62,'Setter 5'!E62,Rosalie!E62,'Setter 8'!E62,'Setter 7'!E62,'Setter 6'!E62,Fabien!E62,'Setter 9'!E62,'Setter 10'!E62) -> 0 | F62: =SUM(David!F62,Dave!F62,'Setter 5'!F62,Rosalie!F62,'Setter 8'!F62,'Setter 7'!F62,'Setter 6'!F62,Fabien!F62,'Setter 9'!F62,'Setter 10'!F62) -> 0 | G62: =SUM(David!G62,Dave!G62,'Setter 5'!G62,Rosalie!G62,'Setter 8'!G62,'Setter 7'!G62,'Setter 6'!G62,Fabien!G62,'Setter 9'!G62,'Setter 10'!G62) -> 0 | H62: =SUM(David!H62,Dave!H62,'Setter 5'!H62,Rosalie!H62,'Setter 8'!H62,'Setter 7'!H62,'Setter 6'!H62,Fabien!H62,'Setter 9'!H62,'Setter 10'!H62) -> 0 | I62: =SUM(David!I62,Dave!I62,'Setter 5'!I62,Rosalie!I62,'Setter 8'!I62,'Setter 7'!I62,'Setter 6'!I62,Fabien!I62,'Setter 9'!I62,'Setter 10'!I62) -> 0 | J62: =SUM(David!J62,Dave!G62,'Setter 5'!G62,Rosalie!G62,'Setter 8'!G62,'Setter 7'!G62,'Setter 6'!G62,Fabien!G62,'Setter 9'!G62,'Setter 10'!G62) -> 0 | K62: =IFERROR(C62/B62,"") | L62: =IFERROR(D62/(C62-E62),"") | M62: =IFERROR(F62/(C62-E62),"") | N62: =IFERROR(G62/(C62-E62),"") | O62: =IFERROR((C62-E62)/C62,"") | P62: =IFERROR(H62/D62,"") | Q62: =IFERROR(I62/D62,"") | R62: =IFERROR(B62/D62,"") | S62: =IFERROR(J62/D62,"") | T62: =SUM(David!T62,Dave!O62,'Setter 5'!O62,Rosalie!O62,'Setter 8'!O62,'Setter 7'!O62,'Setter 6'!O62,Fabien!O62,'Setter 9'!O62,'Setter 10'!O62) -> 0 | U62: =SUM(David!U62,Dave!P62,'Setter 5'!P62,Rosalie!P62,'Setter 8'!P62,'Setter 7'!P62,'Setter 6'!P62,Fabien!P62,'Setter 9'!P62,'Setter 10'!P62) -> 0 | V62: =SUM(David!V62,Dave!Q62,'Setter 5'!Q62,Rosalie!Q62,'Setter 8'!Q62,'Setter 7'!Q62,'Setter 6'!Q62,Fabien!Q62,'Setter 9'!Q62,'Setter 10'!Q62) -> 0 | W62: =SUM(David!W62,Dave!R62,'Setter 5'!R62,Rosalie!R62,'Setter 8'!R62,'Setter 7'!R62,'Setter 6'!R62,Fabien!R62,'Setter 9'!R62,'Setter 10'!R62) -> 0 | X62: =SUM(David!X62,Dave!S62,'Setter 5'!S62,Rosalie!S62,'Setter 8'!S62,'Setter 7'!S62,'Setter 6'!S62,Fabien!S62,'Setter 9'!S62,'Setter 10'!S62) -> 0 | Y62: =SUM(David!Y62,Dave!T62,'Setter 5'!T62,Rosalie!T62,'Setter 8'!T62,'Setter 7'!T62,'Setter 6'!T62,Fabien!T62,'Setter 9'!T62,'Setter 10'!T62) -> 0 | Z62: =SUM(David!Z62,Dave!U62,'Setter 5'!U62,Rosalie!U62,'Setter 8'!U62,'Setter 7'!U62,'Setter 6'!U62,Fabien!U62,'Setter 9'!U62,'Setter 10'!U62) -> 0 | AA62: =IFERROR(U62/T62,"") | AB62: =IFERROR(V62/U62,"") | AC62: =IFERROR(W62/V62,"") | AD62: =IFERROR(W62/U62,"") | AE62: =IFERROR(Y62/W62,"") | AF62: =IFERROR(X62/W62,"") | AG62: =IFERROR(T62/W62,"") | AH62: =IFERROR(Z62/W62,"") | AI62: =SUM(David!AI62,Dave!AB62,'Setter 5'!AB62,Rosalie!AB62,'Setter 8'!AB62,'Setter 7'!AB62,'Setter 6'!AB62,Fabien!AB62,'Setter 9'!AB62,'Setter 10'!AB62) -> 0 | AJ62: =SUM(David!AJ62,Dave!AC62,'Setter 5'!AC62,Rosalie!AC62,'Setter 8'!AC62,'Setter 7'!AC62,'Setter 6'!AC62,Fabien!AC62,'Setter 9'!AC62,'Setter 10'!AC62) -> 0 | AK62: =SUM(David!AK62,Dave!AD62,'Setter 5'!AD62,Rosalie!AD62,'Setter 8'!AD62,'Setter 7'!AD62,'Setter 6'!AD62,Fabien!AD62,'Setter 9'!AD62,'Setter 10'!AD62) -> 0 | AL62: =SUM(David!AL62,Dave!AE62,'Setter 5'!AE62,Rosalie!AE62,'Setter 8'!AE62,'Setter 7'!AE62,'Setter 6'!AE62,Fabien!AE62,'Setter 9'!AE62,'Setter 10'!AE62) -> 0 | AM62: =SUM(David!AM62,Dave!AF62,'Setter 5'!AF62,Rosalie!AF62,'Setter 8'!AF62,'Setter 7'!AF62,'Setter 6'!AF62,Fabien!AF62,'Setter 9'!AF62,'Setter 10'!AF62) -> 0 | AN62: =SUM(David!AN62,Dave!AG62,'Setter 5'!AG62,Rosalie!AG62,'Setter 8'!AG62,'Setter 7'!AG62,'Setter 6'!AG62,Fabien!AG62,'Setter 9'!AG62,'Setter 10'!AG62) -> 0 | AO62: =SUM(David!AO62,Dave!AH62,'Setter 5'!AH62,Rosalie!AH62,'Setter 8'!AH62,'Setter 7'!AH62,'Setter 6'!AH62,Fabien!AH62,'Setter 9'!AH62,'Setter 10'!AH62) -> 0 | AP62: =IFERROR(AO62/AI62,"") | AQ62: =IFERROR(AJ62/AI62,"") | AX62: =T62+B62+AI62 -> 0 | AY62: =AM62+X62+H62 -> 0 | AZ62: =AN62+I62 -> 0 | BA62: =AO62+J62 -> 0 | BB62: =IFERROR(AY62/AX62,"") | BC62: =IFERROR(AZ62/AX62,"") | BD62: =IFERROR(BA62/AX62,"")
A63: 44963 | B63: =SUM(David!B63,Dave!B63,'Setter 5'!B63,Rosalie!B63,'Setter 8'!B63,'Setter 7'!B63,'Setter 6'!B63,Fabien!B63,'Setter 9'!B63,'Setter 10'!B63) -> 0 | C63: =SUM(David!C63,Dave!C63,'Setter 5'!C63,Rosalie!C63,'Setter 8'!C63,'Setter 7'!C63,'Setter 6'!C63,Fabien!C63,'Setter 9'!C63,'Setter 10'!C63) -> 0 | D63: =SUM(David!D63,Dave!D63,'Setter 5'!D63,Rosalie!D63,'Setter 8'!D63,'Setter 7'!D63,'Setter 6'!D63,Fabien!D63,'Setter 9'!D63,'Setter 10'!D63) -> 0 | E63: =SUM(David!E63,Dave!E63,'Setter 5'!E63,Rosalie!E63,'Setter 8'!E63,'Setter 7'!E63,'Setter 6'!E63,Fabien!E63,'Setter 9'!E63,'Setter 10'!E63) -> 0 | F63: =SUM(David!F63,Dave!F63,'Setter 5'!F63,Rosalie!F63,'Setter 8'!F63,'Setter 7'!F63,'Setter 6'!F63,Fabien!F63,'Setter 9'!F63,'Setter 10'!F63) -> 0 | G63: =SUM(David!G63,Dave!G63,'Setter 5'!G63,Rosalie!G63,'Setter 8'!G63,'Setter 7'!G63,'Setter 6'!G63,Fabien!G63,'Setter 9'!G63,'Setter 10'!G63) -> 0 | H63: =SUM(David!H63,Dave!H63,'Setter 5'!H63,Rosalie!H63,'Setter 8'!H63,'Setter 7'!H63,'Setter 6'!H63,Fabien!H63,'Setter 9'!H63,'Setter 10'!H63) -> 0 | I63: =SUM(David!I63,Dave!I63,'Setter 5'!I63,Rosalie!I63,'Setter 8'!I63,'Setter 7'!I63,'Setter 6'!I63,Fabien!I63,'Setter 9'!I63,'Setter 10'!I63) -> 0 | J63: =SUM(David!J63,Dave!G63,'Setter 5'!G63,Rosalie!G63,'Setter 8'!G63,'Setter 7'!G63,'Setter 6'!G63,Fabien!G63,'Setter 9'!G63,'Setter 10'!G63) -> 0 | K63: =IFERROR(C63/B63,"") | L63: =IFERROR(D63/(C63-E63),"") | M63: =IFERROR(F63/(C63-E63),"") | N63: =IFERROR(G63/(C63-E63),"") | O63: =IFERROR((C63-E63)/C63,"") | P63: =IFERROR(H63/D63,"") | Q63: =IFERROR(I63/D63,"") | R63: =IFERROR(B63/D63,"") | S63: =IFERROR(J63/D63,"") | T63: =SUM(David!T63,Dave!O63,'Setter 5'!O63,Rosalie!O63,'Setter 8'!O63,'Setter 7'!O63,'Setter 6'!O63,Fabien!O63,'Setter 9'!O63,'Setter 10'!O63) -> 0 | U63: =SUM(David!U63,Dave!P63,'Setter 5'!P63,Rosalie!P63,'Setter 8'!P63,'Setter 7'!P63,'Setter 6'!P63,Fabien!P63,'Setter 9'!P63,'Setter 10'!P63) -> 0 | V63: =SUM(David!V63,Dave!Q63,'Setter 5'!Q63,Rosalie!Q63,'Setter 8'!Q63,'Setter 7'!Q63,'Setter 6'!Q63,Fabien!Q63,'Setter 9'!Q63,'Setter 10'!Q63) -> 0 | W63: =SUM(David!W63,Dave!R63,'Setter 5'!R63,Rosalie!R63,'Setter 8'!R63,'Setter 7'!R63,'Setter 6'!R63,Fabien!R63,'Setter 9'!R63,'Setter 10'!R63) -> 0 | X63: =SUM(David!X63,Dave!S63,'Setter 5'!S63,Rosalie!S63,'Setter 8'!S63,'Setter 7'!S63,'Setter 6'!S63,Fabien!S63,'Setter 9'!S63,'Setter 10'!S63) -> 0 | Y63: =SUM(David!Y63,Dave!T63,'Setter 5'!T63,Rosalie!T63,'Setter 8'!T63,'Setter 7'!T63,'Setter 6'!T63,Fabien!T63,'Setter 9'!T63,'Setter 10'!T63) -> 0 | Z63: =SUM(David!Z63,Dave!U63,'Setter 5'!U63,Rosalie!U63,'Setter 8'!U63,'Setter 7'!U63,'Setter 6'!U63,Fabien!U63,'Setter 9'!U63,'Setter 10'!U63) -> 0 | AA63: =IFERROR(U63/T63,"") | AB63: =IFERROR(V63/U63,"") | AC63: =IFERROR(W63/V63,"") | AD63: =IFERROR(W63/U63,"") | AE63: =IFERROR(Y63/W63,"") | AF63: =IFERROR(X63/W63,"") | AG63: =IFERROR(T63/W63,"") | AH63: =IFERROR(Z63/W63,"") | AI63: =SUM(David!AI63,Dave!AB63,'Setter 5'!AB63,Rosalie!AB63,'Setter 8'!AB63,'Setter 7'!AB63,'Setter 6'!AB63,Fabien!AB63,'Setter 9'!AB63,'Setter 10'!AB63) -> 0 | AJ63: =SUM(David!AJ63,Dave!AC63,'Setter 5'!AC63,Rosalie!AC63,'Setter 8'!AC63,'Setter 7'!AC63,'Setter 6'!AC63,Fabien!AC63,'Setter 9'!AC63,'Setter 10'!AC63) -> 0 | AK63: =SUM(David!AK63,Dave!AD63,'Setter 5'!AD63,Rosalie!AD63,'Setter 8'!AD63,'Setter 7'!AD63,'Setter 6'!AD63,Fabien!AD63,'Setter 9'!AD63,'Setter 10'!AD63) -> 0 | AL63: =SUM(David!AL63,Dave!AE63,'Setter 5'!AE63,Rosalie!AE63,'Setter 8'!AE63,'Setter 7'!AE63,'Setter 6'!AE63,Fabien!AE63,'Setter 9'!AE63,'Setter 10'!AE63) -> 0 | AM63: =SUM(David!AM63,Dave!AF63,'Setter 5'!AF63,Rosalie!AF63,'Setter 8'!AF63,'Setter 7'!AF63,'Setter 6'!AF63,Fabien!AF63,'Setter 9'!AF63,'Setter 10'!AF63) -> 0 | AN63: =SUM(David!AN63,Dave!AG63,'Setter 5'!AG63,Rosalie!AG63,'Setter 8'!AG63,'Setter 7'!AG63,'Setter 6'!AG63,Fabien!AG63,'Setter 9'!AG63,'Setter 10'!AG63) -> 0 | AO63: =SUM(David!AO63,Dave!AH63,'Setter 5'!AH63,Rosalie!AH63,'Setter 8'!AH63,'Setter 7'!AH63,'Setter 6'!AH63,Fabien!AH63,'Setter 9'!AH63,'Setter 10'!AH63) -> 0 | AP63: =IFERROR(AO63/AI63,"") | AQ63: =IFERROR(AJ63/AI63,"") | AX63: =T63+B63+AI63 -> 0 | AY63: =AM63+X63+H63 -> 0 | AZ63: =AN63+I63 -> 0 | BA63: =AO63+J63 -> 0 | BB63: =IFERROR(AY63/AX63,"") | BC63: =IFERROR(AZ63/AX63,"") | BD63: =IFERROR(BA63/AX63,"")
A64: 44964 | B64: =SUM(David!B64,Dave!B64,'Setter 5'!B64,Rosalie!B64,'Setter 8'!B64,'Setter 7'!B64,'Setter 6'!B64,Fabien!B64,'Setter 9'!B64,'Setter 10'!B64) -> 0 | C64: =SUM(David!C64,Dave!C64,'Setter 5'!C64,Rosalie!C64,'Setter 8'!C64,'Setter 7'!C64,'Setter 6'!C64,Fabien!C64,'Setter 9'!C64,'Setter 10'!C64) -> 0 | D64: =SUM(David!D64,Dave!D64,'Setter 5'!D64,Rosalie!D64,'Setter 8'!D64,'Setter 7'!D64,'Setter 6'!D64,Fabien!D64,'Setter 9'!D64,'Setter 10'!D64) -> 0 | E64: =SUM(David!E64,Dave!E64,'Setter 5'!E64,Rosalie!E64,'Setter 8'!E64,'Setter 7'!E64,'Setter 6'!E64,Fabien!E64,'Setter 9'!E64,'Setter 10'!E64) -> 0 | F64: =SUM(David!F64,Dave!F64,'Setter 5'!F64,Rosalie!F64,'Setter 8'!F64,'Setter 7'!F64,'Setter 6'!F64,Fabien!F64,'Setter 9'!F64,'Setter 10'!F64) -> 0 | G64: =SUM(David!G64,Dave!G64,'Setter 5'!G64,Rosalie!G64,'Setter 8'!G64,'Setter 7'!G64,'Setter 6'!G64,Fabien!G64,'Setter 9'!G64,'Setter 10'!G64) -> 0 | H64: =SUM(David!H64,Dave!H64,'Setter 5'!H64,Rosalie!H64,'Setter 8'!H64,'Setter 7'!H64,'Setter 6'!H64,Fabien!H64,'Setter 9'!H64,'Setter 10'!H64) -> 0 | I64: =SUM(David!I64,Dave!I64,'Setter 5'!I64,Rosalie!I64,'Setter 8'!I64,'Setter 7'!I64,'Setter 6'!I64,Fabien!I64,'Setter 9'!I64,'Setter 10'!I64) -> 0 | J64: =SUM(David!J64,Dave!G64,'Setter 5'!G64,Rosalie!G64,'Setter 8'!G64,'Setter 7'!G64,'Setter 6'!G64,Fabien!G64,'Setter 9'!G64,'Setter 10'!G64) -> 0 | K64: =IFERROR(C64/B64,"") | L64: =IFERROR(D64/(C64-E64),"") | M64: =IFERROR(F64/(C64-E64),"") | N64: =IFERROR(G64/(C64-E64),"") | O64: =IFERROR((C64-E64)/C64,"") | P64: =IFERROR(H64/D64,"") | Q64: =IFERROR(I64/D64,"") | R64: =IFERROR(B64/D64,"") | S64: =IFERROR(J64/D64,"") | T64: =SUM(David!T64,Dave!O64,'Setter 5'!O64,Rosalie!O64,'Setter 8'!O64,'Setter 7'!O64,'Setter 6'!O64,Fabien!O64,'Setter 9'!O64,'Setter 10'!O64) -> 0 | U64: =SUM(David!U64,Dave!P64,'Setter 5'!P64,Rosalie!P64,'Setter 8'!P64,'Setter 7'!P64,'Setter 6'!P64,Fabien!P64,'Setter 9'!P64,'Setter 10'!P64) -> 0 | V64: =SUM(David!V64,Dave!Q64,'Setter 5'!Q64,Rosalie!Q64,'Setter 8'!Q64,'Setter 7'!Q64,'Setter 6'!Q64,Fabien!Q64,'Setter 9'!Q64,'Setter 10'!Q64) -> 0 | W64: =SUM(David!W64,Dave!R64,'Setter 5'!R64,Rosalie!R64,'Setter 8'!R64,'Setter 7'!R64,'Setter 6'!R64,Fabien!R64,'Setter 9'!R64,'Setter 10'!R64) -> 0 | X64: =SUM(David!X64,Dave!S64,'Setter 5'!S64,Rosalie!S64,'Setter 8'!S64,'Setter 7'!S64,'Setter 6'!S64,Fabien!S64,'Setter 9'!S64,'Setter 10'!S64) -> 0 | Y64: =SUM(David!Y64,Dave!T64,'Setter 5'!T64,Rosalie!T64,'Setter 8'!T64,'Setter 7'!T64,'Setter 6'!T64,Fabien!T64,'Setter 9'!T64,'Setter 10'!T64) -> 0 | Z64: =SUM(David!Z64,Dave!U64,'Setter 5'!U64,Rosalie!U64,'Setter 8'!U64,'Setter 7'!U64,'Setter 6'!U64,Fabien!U64,'Setter 9'!U64,'Setter 10'!U64) -> 0 | AA64: =IFERROR(U64/T64,"") | AB64: =IFERROR(V64/U64,"") | AC64: =IFERROR(W64/V64,"") | AD64: =IFERROR(W64/U64,"") | AE64: =IFERROR(Y64/W64,"") | AF64: =IFERROR(X64/W64,"") | AG64: =IFERROR(T64/W64,"") | AH64: =IFERROR(Z64/W64,"") | AI64: =SUM(David!AI64,Dave!AB64,'Setter 5'!AB64,Rosalie!AB64,'Setter 8'!AB64,'Setter 7'!AB64,'Setter 6'!AB64,Fabien!AB64,'Setter 9'!AB64,'Setter 10'!AB64) -> 0 | AJ64: =SUM(David!AJ64,Dave!AC64,'Setter 5'!AC64,Rosalie!AC64,'Setter 8'!AC64,'Setter 7'!AC64,'Setter 6'!AC64,Fabien!AC64,'Setter 9'!AC64,'Setter 10'!AC64) -> 0 | AK64: =SUM(David!AK64,Dave!AD64,'Setter 5'!AD64,Rosalie!AD64,'Setter 8'!AD64,'Setter 7'!AD64,'Setter 6'!AD64,Fabien!AD64,'Setter 9'!AD64,'Setter 10'!AD64) -> 0 | AL64: =SUM(David!AL64,Dave!AE64,'Setter 5'!AE64,Rosalie!AE64,'Setter 8'!AE64,'Setter 7'!AE64,'Setter 6'!AE64,Fabien!AE64,'Setter 9'!AE64,'Setter 10'!AE64) -> 0 | AM64: =SUM(David!AM64,Dave!AF64,'Setter 5'!AF64,Rosalie!AF64,'Setter 8'!AF64,'Setter 7'!AF64,'Setter 6'!AF64,Fabien!AF64,'Setter 9'!AF64,'Setter 10'!AF64) -> 0 | AN64: =SUM(David!AN64,Dave!AG64,'Setter 5'!AG64,Rosalie!AG64,'Setter 8'!AG64,'Setter 7'!AG64,'Setter 6'!AG64,Fabien!AG64,'Setter 9'!AG64,'Setter 10'!AG64) -> 0 | AO64: =SUM(David!AO64,Dave!AH64,'Setter 5'!AH64,Rosalie!AH64,'Setter 8'!AH64,'Setter 7'!AH64,'Setter 6'!AH64,Fabien!AH64,'Setter 9'!AH64,'Setter 10'!AH64) -> 0 | AP64: =IFERROR(AO64/AI64,"") | AQ64: =IFERROR(AJ64/AI64,"") | AX64: =T64+B64+AI64 -> 0 | AY64: =AM64+X64+H64 -> 0 | AZ64: =AN64+I64 -> 0 | BA64: =AO64+J64 -> 0 | BB64: =IFERROR(AY64/AX64,"") | BC64: =IFERROR(AZ64/AX64,"") | BD64: =IFERROR(BA64/AX64,"")
A65: 44965 | B65: =SUM(David!B65,Dave!B65,'Setter 5'!B65,Rosalie!B65,'Setter 8'!B65,'Setter 7'!B65,'Setter 6'!B65,Fabien!B65,'Setter 9'!B65,'Setter 10'!B65) -> 0 | C65: =SUM(David!C65,Dave!C65,'Setter 5'!C65,Rosalie!C65,'Setter 8'!C65,'Setter 7'!C65,'Setter 6'!C65,Fabien!C65,'Setter 9'!C65,'Setter 10'!C65) -> 0 | D65: =SUM(David!D65,Dave!D65,'Setter 5'!D65,Rosalie!D65,'Setter 8'!D65,'Setter 7'!D65,'Setter 6'!D65,Fabien!D65,'Setter 9'!D65,'Setter 10'!D65) -> 0 | E65: =SUM(David!E65,Dave!E65,'Setter 5'!E65,Rosalie!E65,'Setter 8'!E65,'Setter 7'!E65,'Setter 6'!E65,Fabien!E65,'Setter 9'!E65,'Setter 10'!E65) -> 0 | F65: =SUM(David!F65,Dave!F65,'Setter 5'!F65,Rosalie!F65,'Setter 8'!F65,'Setter 7'!F65,'Setter 6'!F65,Fabien!F65,'Setter 9'!F65,'Setter 10'!F65) -> 0 | G65: =SUM(David!G65,Dave!G65,'Setter 5'!G65,Rosalie!G65,'Setter 8'!G65,'Setter 7'!G65,'Setter 6'!G65,Fabien!G65,'Setter 9'!G65,'Setter 10'!G65) -> 0 | H65: =SUM(David!H65,Dave!H65,'Setter 5'!H65,Rosalie!H65,'Setter 8'!H65,'Setter 7'!H65,'Setter 6'!H65,Fabien!H65,'Setter 9'!H65,'Setter 10'!H65) -> 0 | I65: =SUM(David!I65,Dave!I65,'Setter 5'!I65,Rosalie!I65,'Setter 8'!I65,'Setter 7'!I65,'Setter 6'!I65,Fabien!I65,'Setter 9'!I65,'Setter 10'!I65) -> 0 | J65: =SUM(David!J65,Dave!G65,'Setter 5'!G65,Rosalie!G65,'Setter 8'!G65,'Setter 7'!G65,'Setter 6'!G65,Fabien!G65,'Setter 9'!G65,'Setter 10'!G65) -> 0 | K65: =IFERROR(C65/B65,"") | L65: =IFERROR(D65/(C65-E65),"") | M65: =IFERROR(F65/(C65-E65),"") | N65: =IFERROR(G65/(C65-E65),"") | O65: =IFERROR((C65-E65)/C65,"") | P65: =IFERROR(H65/D65,"") | Q65: =IFERROR(I65/D65,"") | R65: =IFERROR(B65/D65,"") | S65: =IFERROR(J65/D65,"") | T65: =SUM(David!T65,Dave!O65,'Setter 5'!O65,Rosalie!O65,'Setter 8'!O65,'Setter 7'!O65,'Setter 6'!O65,Fabien!O65,'Setter 9'!O65,'Setter 10'!O65) -> 0 | U65: =SUM(David!U65,Dave!P65,'Setter 5'!P65,Rosalie!P65,'Setter 8'!P65,'Setter 7'!P65,'Setter 6'!P65,Fabien!P65,'Setter 9'!P65,'Setter 10'!P65) -> 0 | V65: =SUM(David!V65,Dave!Q65,'Setter 5'!Q65,Rosalie!Q65,'Setter 8'!Q65,'Setter 7'!Q65,'Setter 6'!Q65,Fabien!Q65,'Setter 9'!Q65,'Setter 10'!Q65) -> 0 | W65: =SUM(David!W65,Dave!R65,'Setter 5'!R65,Rosalie!R65,'Setter 8'!R65,'Setter 7'!R65,'Setter 6'!R65,Fabien!R65,'Setter 9'!R65,'Setter 10'!R65) -> 0 | X65: =SUM(David!X65,Dave!S65,'Setter 5'!S65,Rosalie!S65,'Setter 8'!S65,'Setter 7'!S65,'Setter 6'!S65,Fabien!S65,'Setter 9'!S65,'Setter 10'!S65) -> 0 | Y65: =SUM(David!Y65,Dave!T65,'Setter 5'!T65,Rosalie!T65,'Setter 8'!T65,'Setter 7'!T65,'Setter 6'!T65,Fabien!T65,'Setter 9'!T65,'Setter 10'!T65) -> 0 | Z65: =SUM(David!Z65,Dave!U65,'Setter 5'!U65,Rosalie!U65,'Setter 8'!U65,'Setter 7'!U65,'Setter 6'!U65,Fabien!U65,'Setter 9'!U65,'Setter 10'!U65) -> 0 | AA65: =IFERROR(U65/T65,"") | AB65: =IFERROR(V65/U65,"") | AC65: =IFERROR(W65/V65,"") | AD65: =IFERROR(W65/U65,"") | AE65: =IFERROR(Y65/W65,"") | AF65: =IFERROR(X65/W65,"") | AG65: =IFERROR(T65/W65,"") | AH65: =IFERROR(Z65/W65,"") | AI65: =SUM(David!AI65,Dave!AB65,'Setter 5'!AB65,Rosalie!AB65,'Setter 8'!AB65,'Setter 7'!AB65,'Setter 6'!AB65,Fabien!AB65,'Setter 9'!AB65,'Setter 10'!AB65) -> 0 | AJ65: =SUM(David!AJ65,Dave!AC65,'Setter 5'!AC65,Rosalie!AC65,'Setter 8'!AC65,'Setter 7'!AC65,'Setter 6'!AC65,Fabien!AC65,'Setter 9'!AC65,'Setter 10'!AC65) -> 0 | AK65: =SUM(David!AK65,Dave!AD65,'Setter 5'!AD65,Rosalie!AD65,'Setter 8'!AD65,'Setter 7'!AD65,'Setter 6'!AD65,Fabien!AD65,'Setter 9'!AD65,'Setter 10'!AD65) -> 0 | AL65: =SUM(David!AL65,Dave!AE65,'Setter 5'!AE65,Rosalie!AE65,'Setter 8'!AE65,'Setter 7'!AE65,'Setter 6'!AE65,Fabien!AE65,'Setter 9'!AE65,'Setter 10'!AE65) -> 0 | AM65: =SUM(David!AM65,Dave!AF65,'Setter 5'!AF65,Rosalie!AF65,'Setter 8'!AF65,'Setter 7'!AF65,'Setter 6'!AF65,Fabien!AF65,'Setter 9'!AF65,'Setter 10'!AF65) -> 0 | AN65: =SUM(David!AN65,Dave!AG65,'Setter 5'!AG65,Rosalie!AG65,'Setter 8'!AG65,'Setter 7'!AG65,'Setter 6'!AG65,Fabien!AG65,'Setter 9'!AG65,'Setter 10'!AG65) -> 0 | AO65: =SUM(David!AO65,Dave!AH65,'Setter 5'!AH65,Rosalie!AH65,'Setter 8'!AH65,'Setter 7'!AH65,'Setter 6'!AH65,Fabien!AH65,'Setter 9'!AH65,'Setter 10'!AH65) -> 0 | AP65: =IFERROR(AO65/AI65,"") | AQ65: =IFERROR(AJ65/AI65,"") | AX65: =T65+B65+AI65 -> 0 | AY65: =AM65+X65+H65 -> 0 | AZ65: =AN65+I65 -> 0 | BA65: =AO65+J65 -> 0 | BB65: =IFERROR(AY65/AX65,"") | BC65: =IFERROR(AZ65/AX65,"") | BD65: =IFERROR(BA65/AX65,"")
A66: 44966 | B66: =SUM(David!B66,Dave!B66,'Setter 5'!B66,Rosalie!B66,'Setter 8'!B66,'Setter 7'!B66,'Setter 6'!B66,Fabien!B66,'Setter 9'!B66,'Setter 10'!B66) -> 0 | C66: =SUM(David!C66,Dave!C66,'Setter 5'!C66,Rosalie!C66,'Setter 8'!C66,'Setter 7'!C66,'Setter 6'!C66,Fabien!C66,'Setter 9'!C66,'Setter 10'!C66) -> 0 | D66: =SUM(David!D66,Dave!D66,'Setter 5'!D66,Rosalie!D66,'Setter 8'!D66,'Setter 7'!D66,'Setter 6'!D66,Fabien!D66,'Setter 9'!D66,'Setter 10'!D66) -> 0 | E66: =SUM(David!E66,Dave!E66,'Setter 5'!E66,Rosalie!E66,'Setter 8'!E66,'Setter 7'!E66,'Setter 6'!E66,Fabien!E66,'Setter 9'!E66,'Setter 10'!E66) -> 0 | F66: =SUM(David!F66,Dave!F66,'Setter 5'!F66,Rosalie!F66,'Setter 8'!F66,'Setter 7'!F66,'Setter 6'!F66,Fabien!F66,'Setter 9'!F66,'Setter 10'!F66) -> 0 | G66: =SUM(David!G66,Dave!G66,'Setter 5'!G66,Rosalie!G66,'Setter 8'!G66,'Setter 7'!G66,'Setter 6'!G66,Fabien!G66,'Setter 9'!G66,'Setter 10'!G66) -> 0 | H66: =SUM(David!H66,Dave!H66,'Setter 5'!H66,Rosalie!H66,'Setter 8'!H66,'Setter 7'!H66,'Setter 6'!H66,Fabien!H66,'Setter 9'!H66,'Setter 10'!H66) -> 0 | I66: =SUM(David!I66,Dave!I66,'Setter 5'!I66,Rosalie!I66,'Setter 8'!I66,'Setter 7'!I66,'Setter 6'!I66,Fabien!I66,'Setter 9'!I66,'Setter 10'!I66) -> 0 | J66: =SUM(David!J66,Dave!G66,'Setter 5'!G66,Rosalie!G66,'Setter 8'!G66,'Setter 7'!G66,'Setter 6'!G66,Fabien!G66,'Setter 9'!G66,'Setter 10'!G66) -> 0 | K66: =IFERROR(C66/B66,"") | L66: =IFERROR(D66/(C66-E66),"") | M66: =IFERROR(F66/(C66-E66),"") | N66: =IFERROR(G66/(C66-E66),"") | O66: =IFERROR((C66-E66)/C66,"") | P66: =IFERROR(H66/D66,"") | Q66: =IFERROR(I66/D66,"") | R66: =IFERROR(B66/D66,"") | S66: =IFERROR(J66/D66,"") | T66: =SUM(David!T66,Dave!O66,'Setter 5'!O66,Rosalie!O66,'Setter 8'!O66,'Setter 7'!O66,'Setter 6'!O66,Fabien!O66,'Setter 9'!O66,'Setter 10'!O66) -> 0 | U66: =SUM(David!U66,Dave!P66,'Setter 5'!P66,Rosalie!P66,'Setter 8'!P66,'Setter 7'!P66,'Setter 6'!P66,Fabien!P66,'Setter 9'!P66,'Setter 10'!P66) -> 0 | V66: =SUM(David!V66,Dave!Q66,'Setter 5'!Q66,Rosalie!Q66,'Setter 8'!Q66,'Setter 7'!Q66,'Setter 6'!Q66,Fabien!Q66,'Setter 9'!Q66,'Setter 10'!Q66) -> 0 | W66: =SUM(David!W66,Dave!R66,'Setter 5'!R66,Rosalie!R66,'Setter 8'!R66,'Setter 7'!R66,'Setter 6'!R66,Fabien!R66,'Setter 9'!R66,'Setter 10'!R66) -> 0 | X66: =SUM(David!X66,Dave!S66,'Setter 5'!S66,Rosalie!S66,'Setter 8'!S66,'Setter 7'!S66,'Setter 6'!S66,Fabien!S66,'Setter 9'!S66,'Setter 10'!S66) -> 0 | Y66: =SUM(David!Y66,Dave!T66,'Setter 5'!T66,Rosalie!T66,'Setter 8'!T66,'Setter 7'!T66,'Setter 6'!T66,Fabien!T66,'Setter 9'!T66,'Setter 10'!T66) -> 0 | Z66: =SUM(David!Z66,Dave!U66,'Setter 5'!U66,Rosalie!U66,'Setter 8'!U66,'Setter 7'!U66,'Setter 6'!U66,Fabien!U66,'Setter 9'!U66,'Setter 10'!U66) -> 0 | AA66: =IFERROR(U66/T66,"") | AB66: =IFERROR(V66/U66,"") | AC66: =IFERROR(W66/V66,"") | AD66: =IFERROR(W66/U66,"") | AE66: =IFERROR(Y66/W66,"") | AF66: =IFERROR(X66/W66,"") | AG66: =IFERROR(T66/W66,"") | AH66: =IFERROR(Z66/W66,"") | AI66: =SUM(David!AI66,Dave!AB66,'Setter 5'!AB66,Rosalie!AB66,'Setter 8'!AB66,'Setter 7'!AB66,'Setter 6'!AB66,Fabien!AB66,'Setter 9'!AB66,'Setter 10'!AB66) -> 0 | AJ66: =SUM(David!AJ66,Dave!AC66,'Setter 5'!AC66,Rosalie!AC66,'Setter 8'!AC66,'Setter 7'!AC66,'Setter 6'!AC66,Fabien!AC66,'Setter 9'!AC66,'Setter 10'!AC66) -> 0 | AK66: =SUM(David!AK66,Dave!AD66,'Setter 5'!AD66,Rosalie!AD66,'Setter 8'!AD66,'Setter 7'!AD66,'Setter 6'!AD66,Fabien!AD66,'Setter 9'!AD66,'Setter 10'!AD66) -> 0 | AL66: =SUM(David!AL66,Dave!AE66,'Setter 5'!AE66,Rosalie!AE66,'Setter 8'!AE66,'Setter 7'!AE66,'Setter 6'!AE66,Fabien!AE66,'Setter 9'!AE66,'Setter 10'!AE66) -> 0 | AM66: =SUM(David!AM66,Dave!AF66,'Setter 5'!AF66,Rosalie!AF66,'Setter 8'!AF66,'Setter 7'!AF66,'Setter 6'!AF66,Fabien!AF66,'Setter 9'!AF66,'Setter 10'!AF66) -> 0 | AN66: =SUM(David!AN66,Dave!AG66,'Setter 5'!AG66,Rosalie!AG66,'Setter 8'!AG66,'Setter 7'!AG66,'Setter 6'!AG66,Fabien!AG66,'Setter 9'!AG66,'Setter 10'!AG66) -> 0 | AO66: =SUM(David!AO66,Dave!AH66,'Setter 5'!AH66,Rosalie!AH66,'Setter 8'!AH66,'Setter 7'!AH66,'Setter 6'!AH66,Fabien!AH66,'Setter 9'!AH66,'Setter 10'!AH66) -> 0 | AP66: =IFERROR(AO66/AI66,"") | AQ66: =IFERROR(AJ66/AI66,"") | AX66: =T66+B66+AI66 -> 0 | AY66: =AM66+X66+H66 -> 0 | AZ66: =AN66+I66 -> 0 | BA66: =AO66+J66 -> 0 | BB66: =IFERROR(AY66/AX66,"") | BC66: =IFERROR(AZ66/AX66,"") | BD66: =IFERROR(BA66/AX66,"")
A67: 44967 | B67: =SUM(David!B67,Dave!B67,'Setter 5'!B67,Rosalie!B67,'Setter 8'!B67,'Setter 7'!B67,'Setter 6'!B67,Fabien!B67,'Setter 9'!B67,'Setter 10'!B67) -> 0 | C67: =SUM(David!C67,Dave!C67,'Setter 5'!C67,Rosalie!C67,'Setter 8'!C67,'Setter 7'!C67,'Setter 6'!C67,Fabien!C67,'Setter 9'!C67,'Setter 10'!C67) -> 0 | D67: =SUM(David!D67,Dave!D67,'Setter 5'!D67,Rosalie!D67,'Setter 8'!D67,'Setter 7'!D67,'Setter 6'!D67,Fabien!D67,'Setter 9'!D67,'Setter 10'!D67) -> 0 | E67: =SUM(David!E67,Dave!E67,'Setter 5'!E67,Rosalie!E67,'Setter 8'!E67,'Setter 7'!E67,'Setter 6'!E67,Fabien!E67,'Setter 9'!E67,'Setter 10'!E67) -> 0 | F67: =SUM(David!F67,Dave!F67,'Setter 5'!F67,Rosalie!F67,'Setter 8'!F67,'Setter 7'!F67,'Setter 6'!F67,Fabien!F67,'Setter 9'!F67,'Setter 10'!F67) -> 0 | G67: =SUM(David!G67,Dave!G67,'Setter 5'!G67,Rosalie!G67,'Setter 8'!G67,'Setter 7'!G67,'Setter 6'!G67,Fabien!G67,'Setter 9'!G67,'Setter 10'!G67) -> 0 | H67: =SUM(David!H67,Dave!H67,'Setter 5'!H67,Rosalie!H67,'Setter 8'!H67,'Setter 7'!H67,'Setter 6'!H67,Fabien!H67,'Setter 9'!H67,'Setter 10'!H67) -> 0 | I67: =SUM(David!I67,Dave!I67,'Setter 5'!I67,Rosalie!I67,'Setter 8'!I67,'Setter 7'!I67,'Setter 6'!I67,Fabien!I67,'Setter 9'!I67,'Setter 10'!I67) -> 0 | J67: =SUM(David!J67,Dave!G67,'Setter 5'!G67,Rosalie!G67,'Setter 8'!G67,'Setter 7'!G67,'Setter 6'!G67,Fabien!G67,'Setter 9'!G67,'Setter 10'!G67) -> 0 | K67: =IFERROR(C67/B67,"") | L67: =IFERROR(D67/(C67-E67),"") | M67: =IFERROR(F67/(C67-E67),"") | N67: =IFERROR(G67/(C67-E67),"") | O67: =IFERROR((C67-E67)/C67,"") | P67: =IFERROR(H67/D67,"") | Q67: =IFERROR(I67/D67,"") | R67: =IFERROR(B67/D67,"") | S67: =IFERROR(J67/D67,"") | T67: =SUM(David!T67,Dave!O67,'Setter 5'!O67,Rosalie!O67,'Setter 8'!O67,'Setter 7'!O67,'Setter 6'!O67,Fabien!O67,'Setter 9'!O67,'Setter 10'!O67) -> 0 | U67: =SUM(David!U67,Dave!P67,'Setter 5'!P67,Rosalie!P67,'Setter 8'!P67,'Setter 7'!P67,'Setter 6'!P67,Fabien!P67,'Setter 9'!P67,'Setter 10'!P67) -> 0 | V67: =SUM(David!V67,Dave!Q67,'Setter 5'!Q67,Rosalie!Q67,'Setter 8'!Q67,'Setter 7'!Q67,'Setter 6'!Q67,Fabien!Q67,'Setter 9'!Q67,'Setter 10'!Q67) -> 0 | W67: =SUM(David!W67,Dave!R67,'Setter 5'!R67,Rosalie!R67,'Setter 8'!R67,'Setter 7'!R67,'Setter 6'!R67,Fabien!R67,'Setter 9'!R67,'Setter 10'!R67) -> 0 | X67: =SUM(David!X67,Dave!S67,'Setter 5'!S67,Rosalie!S67,'Setter 8'!S67,'Setter 7'!S67,'Setter 6'!S67,Fabien!S67,'Setter 9'!S67,'Setter 10'!S67) -> 0 | Y67: =SUM(David!Y67,Dave!T67,'Setter 5'!T67,Rosalie!T67,'Setter 8'!T67,'Setter 7'!T67,'Setter 6'!T67,Fabien!T67,'Setter 9'!T67,'Setter 10'!T67) -> 0 | Z67: =SUM(David!Z67,Dave!U67,'Setter 5'!U67,Rosalie!U67,'Setter 8'!U67,'Setter 7'!U67,'Setter 6'!U67,Fabien!U67,'Setter 9'!U67,'Setter 10'!U67) -> 0 | AA67: =IFERROR(U67/T67,"") | AB67: =IFERROR(V67/U67,"") | AC67: =IFERROR(W67/V67,"") | AD67: =IFERROR(W67/U67,"") | AE67: =IFERROR(Y67/W67,"") | AF67: =IFERROR(X67/W67,"") | AG67: =IFERROR(T67/W67,"") | AH67: =IFERROR(Z67/W67,"") | AI67: =SUM(David!AI67,Dave!AB67,'Setter 5'!AB67,Rosalie!AB67,'Setter 8'!AB67,'Setter 7'!AB67,'Setter 6'!AB67,Fabien!AB67,'Setter 9'!AB67,'Setter 10'!AB67) -> 0 | AJ67: =SUM(David!AJ67,Dave!AC67,'Setter 5'!AC67,Rosalie!AC67,'Setter 8'!AC67,'Setter 7'!AC67,'Setter 6'!AC67,Fabien!AC67,'Setter 9'!AC67,'Setter 10'!AC67) -> 0 | AK67: =SUM(David!AK67,Dave!AD67,'Setter 5'!AD67,Rosalie!AD67,'Setter 8'!AD67,'Setter 7'!AD67,'Setter 6'!AD67,Fabien!AD67,'Setter 9'!AD67,'Setter 10'!AD67) -> 0 | AL67: =SUM(David!AL67,Dave!AE67,'Setter 5'!AE67,Rosalie!AE67,'Setter 8'!AE67,'Setter 7'!AE67,'Setter 6'!AE67,Fabien!AE67,'Setter 9'!AE67,'Setter 10'!AE67) -> 0 | AM67: =SUM(David!AM67,Dave!AF67,'Setter 5'!AF67,Rosalie!AF67,'Setter 8'!AF67,'Setter 7'!AF67,'Setter 6'!AF67,Fabien!AF67,'Setter 9'!AF67,'Setter 10'!AF67) -> 0 | AN67: =SUM(David!AN67,Dave!AG67,'Setter 5'!AG67,Rosalie!AG67,'Setter 8'!AG67,'Setter 7'!AG67,'Setter 6'!AG67,Fabien!AG67,'Setter 9'!AG67,'Setter 10'!AG67) -> 0 | AO67: =SUM(David!AO67,Dave!AH67,'Setter 5'!AH67,Rosalie!AH67,'Setter 8'!AH67,'Setter 7'!AH67,'Setter 6'!AH67,Fabien!AH67,'Setter 9'!AH67,'Setter 10'!AH67) -> 0 | AP67: =IFERROR(AO67/AI67,"") | AQ67: =IFERROR(AJ67/AI67,"") | AX67: =T67+B67+AI67 -> 0 | AY67: =AM67+X67+H67 -> 0 | AZ67: =AN67+I67 -> 0 | BA67: =AO67+J67 -> 0 | BB67: =IFERROR(AY67/AX67,"") | BC67: =IFERROR(AZ67/AX67,"") | BD67: =IFERROR(BA67/AX67,"")
A68: 44968 | B68: =SUM(David!B68,Dave!B68,'Setter 5'!B68,Rosalie!B68,'Setter 8'!B68,'Setter 7'!B68,'Setter 6'!B68,Fabien!B68,'Setter 9'!B68,'Setter 10'!B68) -> 0 | C68: =SUM(David!C68,Dave!C68,'Setter 5'!C68,Rosalie!C68,'Setter 8'!C68,'Setter 7'!C68,'Setter 6'!C68,Fabien!C68,'Setter 9'!C68,'Setter 10'!C68) -> 0 | D68: =SUM(David!D68,Dave!D68,'Setter 5'!D68,Rosalie!D68,'Setter 8'!D68,'Setter 7'!D68,'Setter 6'!D68,Fabien!D68,'Setter 9'!D68,'Setter 10'!D68) -> 0 | E68: =SUM(David!E68,Dave!E68,'Setter 5'!E68,Rosalie!E68,'Setter 8'!E68,'Setter 7'!E68,'Setter 6'!E68,Fabien!E68,'Setter 9'!E68,'Setter 10'!E68) -> 0 | F68: =SUM(David!F68,Dave!F68,'Setter 5'!F68,Rosalie!F68,'Setter 8'!F68,'Setter 7'!F68,'Setter 6'!F68,Fabien!F68,'Setter 9'!F68,'Setter 10'!F68) -> 0 | G68: =SUM(David!G68,Dave!G68,'Setter 5'!G68,Rosalie!G68,'Setter 8'!G68,'Setter 7'!G68,'Setter 6'!G68,Fabien!G68,'Setter 9'!G68,'Setter 10'!G68) -> 0 | H68: =SUM(David!H68,Dave!H68,'Setter 5'!H68,Rosalie!H68,'Setter 8'!H68,'Setter 7'!H68,'Setter 6'!H68,Fabien!H68,'Setter 9'!H68,'Setter 10'!H68) -> 0 | I68: =SUM(David!I68,Dave!I68,'Setter 5'!I68,Rosalie!I68,'Setter 8'!I68,'Setter 7'!I68,'Setter 6'!I68,Fabien!I68,'Setter 9'!I68,'Setter 10'!I68) -> 0 | J68: =SUM(David!J68,Dave!G68,'Setter 5'!G68,Rosalie!G68,'Setter 8'!G68,'Setter 7'!G68,'Setter 6'!G68,Fabien!G68,'Setter 9'!G68,'Setter 10'!G68) -> 0 | K68: =IFERROR(C68/B68,"") | L68: =IFERROR(D68/(C68-E68),"") | M68: =IFERROR(F68/(C68-E68),"") | N68: =IFERROR(G68/(C68-E68),"") | O68: =IFERROR((C68-E68)/C68,"") | P68: =IFERROR(H68/D68,"") | Q68: =IFERROR(I68/D68,"") | R68: =IFERROR(B68/D68,"") | S68: =IFERROR(J68/D68,"") | T68: =SUM(David!T68,Dave!O68,'Setter 5'!O68,Rosalie!O68,'Setter 8'!O68,'Setter 7'!O68,'Setter 6'!O68,Fabien!O68,'Setter 9'!O68,'Setter 10'!O68) -> 0 | U68: =SUM(David!U68,Dave!P68,'Setter 5'!P68,Rosalie!P68,'Setter 8'!P68,'Setter 7'!P68,'Setter 6'!P68,Fabien!P68,'Setter 9'!P68,'Setter 10'!P68) -> 0 | V68: =SUM(David!V68,Dave!Q68,'Setter 5'!Q68,Rosalie!Q68,'Setter 8'!Q68,'Setter 7'!Q68,'Setter 6'!Q68,Fabien!Q68,'Setter 9'!Q68,'Setter 10'!Q68) -> 0 | W68: =SUM(David!W68,Dave!R68,'Setter 5'!R68,Rosalie!R68,'Setter 8'!R68,'Setter 7'!R68,'Setter 6'!R68,Fabien!R68,'Setter 9'!R68,'Setter 10'!R68) -> 0 | X68: =SUM(David!X68,Dave!S68,'Setter 5'!S68,Rosalie!S68,'Setter 8'!S68,'Setter 7'!S68,'Setter 6'!S68,Fabien!S68,'Setter 9'!S68,'Setter 10'!S68) -> 0 | Y68: =SUM(David!Y68,Dave!T68,'Setter 5'!T68,Rosalie!T68,'Setter 8'!T68,'Setter 7'!T68,'Setter 6'!T68,Fabien!T68,'Setter 9'!T68,'Setter 10'!T68) -> 0 | Z68: =SUM(David!Z68,Dave!U68,'Setter 5'!U68,Rosalie!U68,'Setter 8'!U68,'Setter 7'!U68,'Setter 6'!U68,Fabien!U68,'Setter 9'!U68,'Setter 10'!U68) -> 0 | AA68: =IFERROR(U68/T68,"") | AB68: =IFERROR(V68/U68,"") | AC68: =IFERROR(W68/V68,"") | AD68: =IFERROR(W68/U68,"") | AE68: =IFERROR(Y68/W68,"") | AF68: =IFERROR(X68/W68,"") | AG68: =IFERROR(T68/W68,"") | AH68: =IFERROR(Z68/W68,"") | AI68: =SUM(David!AI68,Dave!AB68,'Setter 5'!AB68,Rosalie!AB68,'Setter 8'!AB68,'Setter 7'!AB68,'Setter 6'!AB68,Fabien!AB68,'Setter 9'!AB68,'Setter 10'!AB68) -> 0 | AJ68: =SUM(David!AJ68,Dave!AC68,'Setter 5'!AC68,Rosalie!AC68,'Setter 8'!AC68,'Setter 7'!AC68,'Setter 6'!AC68,Fabien!AC68,'Setter 9'!AC68,'Setter 10'!AC68) -> 0 | AK68: =SUM(David!AK68,Dave!AD68,'Setter 5'!AD68,Rosalie!AD68,'Setter 8'!AD68,'Setter 7'!AD68,'Setter 6'!AD68,Fabien!AD68,'Setter 9'!AD68,'Setter 10'!AD68) -> 0 | AL68: =SUM(David!AL68,Dave!AE68,'Setter 5'!AE68,Rosalie!AE68,'Setter 8'!AE68,'Setter 7'!AE68,'Setter 6'!AE68,Fabien!AE68,'Setter 9'!AE68,'Setter 10'!AE68) -> 0 | AM68: =SUM(David!AM68,Dave!AF68,'Setter 5'!AF68,Rosalie!AF68,'Setter 8'!AF68,'Setter 7'!AF68,'Setter 6'!AF68,Fabien!AF68,'Setter 9'!AF68,'Setter 10'!AF68) -> 0 | AN68: =SUM(David!AN68,Dave!AG68,'Setter 5'!AG68,Rosalie!AG68,'Setter 8'!AG68,'Setter 7'!AG68,'Setter 6'!AG68,Fabien!AG68,'Setter 9'!AG68,'Setter 10'!AG68) -> 0 | AO68: =SUM(David!AO68,Dave!AH68,'Setter 5'!AH68,Rosalie!AH68,'Setter 8'!AH68,'Setter 7'!AH68,'Setter 6'!AH68,Fabien!AH68,'Setter 9'!AH68,'Setter 10'!AH68) -> 0 | AP68: =IFERROR(AO68/AI68,"") | AQ68: =IFERROR(AJ68/AI68,"") | AX68: =T68+B68+AI68 -> 0 | AY68: =AM68+X68+H68 -> 0 | AZ68: =AN68+I68 -> 0 | BA68: =AO68+J68 -> 0 | BB68: =IFERROR(AY68/AX68,"") | BC68: =IFERROR(AZ68/AX68,"") | BD68: =IFERROR(BA68/AX68,"")
A69: 44969 | B69: =SUM(David!B69,Dave!B69,'Setter 5'!B69,Rosalie!B69,'Setter 8'!B69,'Setter 7'!B69,'Setter 6'!B69,Fabien!B69,'Setter 9'!B69,'Setter 10'!B69) -> 0 | C69: =SUM(David!C69,Dave!C69,'Setter 5'!C69,Rosalie!C69,'Setter 8'!C69,'Setter 7'!C69,'Setter 6'!C69,Fabien!C69,'Setter 9'!C69,'Setter 10'!C69) -> 0 | D69: =SUM(David!D69,Dave!D69,'Setter 5'!D69,Rosalie!D69,'Setter 8'!D69,'Setter 7'!D69,'Setter 6'!D69,Fabien!D69,'Setter 9'!D69,'Setter 10'!D69) -> 0 | E69: =SUM(David!E69,Dave!E69,'Setter 5'!E69,Rosalie!E69,'Setter 8'!E69,'Setter 7'!E69,'Setter 6'!E69,Fabien!E69,'Setter 9'!E69,'Setter 10'!E69) -> 0 | F69: =SUM(David!F69,Dave!F69,'Setter 5'!F69,Rosalie!F69,'Setter 8'!F69,'Setter 7'!F69,'Setter 6'!F69,Fabien!F69,'Setter 9'!F69,'Setter 10'!F69) -> 0 | G69: =SUM(David!G69,Dave!G69,'Setter 5'!G69,Rosalie!G69,'Setter 8'!G69,'Setter 7'!G69,'Setter 6'!G69,Fabien!G69,'Setter 9'!G69,'Setter 10'!G69) -> 0 | H69: =SUM(David!H69,Dave!H69,'Setter 5'!H69,Rosalie!H69,'Setter 8'!H69,'Setter 7'!H69,'Setter 6'!H69,Fabien!H69,'Setter 9'!H69,'Setter 10'!H69) -> 0 | I69: =SUM(David!I69,Dave!I69,'Setter 5'!I69,Rosalie!I69,'Setter 8'!I69,'Setter 7'!I69,'Setter 6'!I69,Fabien!I69,'Setter 9'!I69,'Setter 10'!I69) -> 0 | J69: =SUM(David!J69,Dave!G69,'Setter 5'!G69,Rosalie!G69,'Setter 8'!G69,'Setter 7'!G69,'Setter 6'!G69,Fabien!G69,'Setter 9'!G69,'Setter 10'!G69) -> 0 | K69: =IFERROR(C69/B69,"") | L69: =IFERROR(D69/(C69-E69),"") | M69: =IFERROR(F69/(C69-E69),"") | N69: =IFERROR(G69/(C69-E69),"") | O69: =IFERROR((C69-E69)/C69,"") | P69: =IFERROR(H69/D69,"") | Q69: =IFERROR(I69/D69,"") | R69: =IFERROR(B69/D69,"") | S69: =IFERROR(J69/D69,"") | T69: =SUM(David!T69,Dave!O69,'Setter 5'!O69,Rosalie!O69,'Setter 8'!O69,'Setter 7'!O69,'Setter 6'!O69,Fabien!O69,'Setter 9'!O69,'Setter 10'!O69) -> 0 | U69: =SUM(David!U69,Dave!P69,'Setter 5'!P69,Rosalie!P69,'Setter 8'!P69,'Setter 7'!P69,'Setter 6'!P69,Fabien!P69,'Setter 9'!P69,'Setter 10'!P69) -> 0 | V69: =SUM(David!V69,Dave!Q69,'Setter 5'!Q69,Rosalie!Q69,'Setter 8'!Q69,'Setter 7'!Q69,'Setter 6'!Q69,Fabien!Q69,'Setter 9'!Q69,'Setter 10'!Q69) -> 0 | W69: =SUM(David!W69,Dave!R69,'Setter 5'!R69,Rosalie!R69,'Setter 8'!R69,'Setter 7'!R69,'Setter 6'!R69,Fabien!R69,'Setter 9'!R69,'Setter 10'!R69) -> 0 | X69: =SUM(David!X69,Dave!S69,'Setter 5'!S69,Rosalie!S69,'Setter 8'!S69,'Setter 7'!S69,'Setter 6'!S69,Fabien!S69,'Setter 9'!S69,'Setter 10'!S69) -> 0 | Y69: =SUM(David!Y69,Dave!T69,'Setter 5'!T69,Rosalie!T69,'Setter 8'!T69,'Setter 7'!T69,'Setter 6'!T69,Fabien!T69,'Setter 9'!T69,'Setter 10'!T69) -> 0 | Z69: =SUM(David!Z69,Dave!U69,'Setter 5'!U69,Rosalie!U69,'Setter 8'!U69,'Setter 7'!U69,'Setter 6'!U69,Fabien!U69,'Setter 9'!U69,'Setter 10'!U69) -> 0 | AA69: =IFERROR(U69/T69,"") | AB69: =IFERROR(V69/U69,"") | AC69: =IFERROR(W69/V69,"") | AD69: =IFERROR(W69/U69,"") | AE69: =IFERROR(Y69/W69,"") | AF69: =IFERROR(X69/W69,"") | AG69: =IFERROR(T69/W69,"") | AH69: =IFERROR(Z69/W69,"") | AI69: =SUM(David!AI69,Dave!AB69,'Setter 5'!AB69,Rosalie!AB69,'Setter 8'!AB69,'Setter 7'!AB69,'Setter 6'!AB69,Fabien!AB69,'Setter 9'!AB69,'Setter 10'!AB69) -> 0 | AJ69: =SUM(David!AJ69,Dave!AC69,'Setter 5'!AC69,Rosalie!AC69,'Setter 8'!AC69,'Setter 7'!AC69,'Setter 6'!AC69,Fabien!AC69,'Setter 9'!AC69,'Setter 10'!AC69) -> 0 | AK69: =SUM(David!AK69,Dave!AD69,'Setter 5'!AD69,Rosalie!AD69,'Setter 8'!AD69,'Setter 7'!AD69,'Setter 6'!AD69,Fabien!AD69,'Setter 9'!AD69,'Setter 10'!AD69) -> 0 | AL69: =SUM(David!AL69,Dave!AE69,'Setter 5'!AE69,Rosalie!AE69,'Setter 8'!AE69,'Setter 7'!AE69,'Setter 6'!AE69,Fabien!AE69,'Setter 9'!AE69,'Setter 10'!AE69) -> 0 | AM69: =SUM(David!AM69,Dave!AF69,'Setter 5'!AF69,Rosalie!AF69,'Setter 8'!AF69,'Setter 7'!AF69,'Setter 6'!AF69,Fabien!AF69,'Setter 9'!AF69,'Setter 10'!AF69) -> 0 | AN69: =SUM(David!AN69,Dave!AG69,'Setter 5'!AG69,Rosalie!AG69,'Setter 8'!AG69,'Setter 7'!AG69,'Setter 6'!AG69,Fabien!AG69,'Setter 9'!AG69,'Setter 10'!AG69) -> 0 | AO69: =SUM(David!AO69,Dave!AH69,'Setter 5'!AH69,Rosalie!AH69,'Setter 8'!AH69,'Setter 7'!AH69,'Setter 6'!AH69,Fabien!AH69,'Setter 9'!AH69,'Setter 10'!AH69) -> 0 | AP69: =IFERROR(AO69/AI69,"") | AQ69: =IFERROR(AJ69/AI69,"") | AX69: =T69+B69+AI69 -> 0 | AY69: =AM69+X69+H69 -> 0 | AZ69: =AN69+I69 -> 0 | BA69: =AO69+J69 -> 0 | BB69: =IFERROR(AY69/AX69,"") | BC69: =IFERROR(AZ69/AX69,"") | BD69: =IFERROR(BA69/AX69,"")
... A85: 44985 | B85: =SUM(David!B85,Dave!B85,'Setter 5'!B85,Rosalie!B85,'Setter 8'!B85,'Setter 7'!B85,'Setter 6'!B85,Fabien!B85,'Setter 9'!B85,'Setter 10'!B85) -> 0 | C85: =SUM(David!C85,Dave!C85,'Setter 5'!C85,Rosalie!C85,'Setter 8'!C85,'Setter 7'!C85,'Setter 6'!C85,Fabien!C85,'Setter 9'!C85,'Setter 10'!C85) -> 0 | D85: =SUM(David!D85,Dave!D85,'Setter 5'!D85,Rosalie!D85,'Setter 8'!D85,'Setter 7'!D85,'Setter 6'!D85,Fabien!D85,'Setter 9'!D85,'Setter 10'!D85) -> 0 | E85: =SUM(David!E85,Dave!E85,'Setter 5'!E85,Rosalie!E85,'Setter 8'!E85,'Setter 7'!E85,'Setter 6'!E85,Fabien!E85,'Setter 9'!E85,'Setter 10'!E85) -> 0 | F85: =SUM(David!F85,Dave!F85,'Setter 5'!F85,Rosalie!F85,'Setter 8'!F85,'Setter 7'!F85,'Setter 6'!F85,Fabien!F85,'Setter 9'!F85,'Setter 10'!F85) -> 0 | G85: =SUM(David!G85,Dave!G85,'Setter 5'!G85,Rosalie!G85,'Setter 8'!G85,'Setter 7'!G85,'Setter 6'!G85,Fabien!G85,'Setter 9'!G85,'Setter 10'!G85) -> 0 | H85: =SUM(David!H85,Dave!H85,'Setter 5'!H85,Rosalie!H85,'Setter 8'!H85,'Setter 7'!H85,'Setter 6'!H85,Fabien!H85,'Setter 9'!H85,'Setter 10'!H85) -> 0 | I85: =SUM(David!I85,Dave!I85,'Setter 5'!I85,Rosalie!I85,'Setter 8'!I85,'Setter 7'!I85,'Setter 6'!I85,Fabien!I85,'Setter 9'!I85,'Setter 10'!I85) -> 0 | J85: =SUM(David!J85,Dave!G85,'Setter 5'!G85,Rosalie!G85,'Setter 8'!G85,'Setter 7'!G85,'Setter 6'!G85,Fabien!G85,'Setter 9'!G85,'Setter 10'!G85) -> 0 | K85: =IFERROR(C85/B85,"") | L85: =IFERROR(D85/(C85-E85),"") | M85: =IFERROR(F85/(C85-E85),"") | N85: =IFERROR(G85/(C85-E85),"") | O85: =IFERROR((C85-E85)/C85,"") | P85: =IFERROR(H85/D85,"") | Q85: =IFERROR(I85/D85,"") | R85: =IFERROR(B85/D85,"") | S85: =IFERROR(J85/D85,"") | T85: =SUM(David!T85,Dave!O85,'Setter 5'!O85,Rosalie!O85,'Setter 8'!O85,'Setter 7'!O85,'Setter 6'!O85,Fabien!O85,'Setter 9'!O85,'Setter 10'!O85) -> 0 | U85: =SUM(David!U85,Dave!P85,'Setter 5'!P85,Rosalie!P85,'Setter 8'!P85,'Setter 7'!P85,'Setter 6'!P85,Fabien!P85,'Setter 9'!P85,'Setter 10'!P85) -> 0 | V85: =SUM(David!V85,Dave!Q85,'Setter 5'!Q85,Rosalie!Q85,'Setter 8'!Q85,'Setter 7'!Q85,'Setter 6'!Q85,Fabien!Q85,'Setter 9'!Q85,'Setter 10'!Q85) -> 0 | W85: =SUM(David!W85,Dave!R85,'Setter 5'!R85,Rosalie!R85,'Setter 8'!R85,'Setter 7'!R85,'Setter 6'!R85,Fabien!R85,'Setter 9'!R85,'Setter 10'!R85) -> 0 | X85: =SUM(David!X85,Dave!S85,'Setter 5'!S85,Rosalie!S85,'Setter 8'!S85,'Setter 7'!S85,'Setter 6'!S85,Fabien!S85,'Setter 9'!S85,'Setter 10'!S85) -> 0 | Y85: =SUM(David!Y85,Dave!T85,'Setter 5'!T85,Rosalie!T85,'Setter 8'!T85,'Setter 7'!T85,'Setter 6'!T85,Fabien!T85,'Setter 9'!T85,'Setter 10'!T85) -> 0 | Z85: =SUM(David!Z85,Dave!U85,'Setter 5'!U85,Rosalie!U85,'Setter 8'!U85,'Setter 7'!U85,'Setter 6'!U85,Fabien!U85,'Setter 9'!U85,'Setter 10'!U85) -> 0 | AA85: =IFERROR(U85/T85,"") | AB85: =IFERROR(V85/U85,"") | AC85: =IFERROR(W85/V85,"") | AD85: =IFERROR(W85/U85,"") | AE85: =IFERROR(Y85/W85,"") | AF85: =IFERROR(X85/W85,"") | AG85: =IFERROR(T85/W85,"") | AH85: =IFERROR(Z85/W85,"") | AI85: =SUM(David!AI85,Dave!AB85,'Setter 5'!AB85,Rosalie!AB85,'Setter 8'!AB85,'Setter 7'!AB85,'Setter 6'!AB85,Fabien!AB85,'Setter 9'!AB85,'Setter 10'!AB85) -> 0 | AJ85: =SUM(David!AJ85,Dave!AC85,'Setter 5'!AC85,Rosalie!AC85,'Setter 8'!AC85,'Setter 7'!AC85,'Setter 6'!AC85,Fabien!AC85,'Setter 9'!AC85,'Setter 10'!AC85) -> 0 | AK85: =SUM(David!AK85,Dave!AD85,'Setter 5'!AD85,Rosalie!AD85,'Setter 8'!AD85,'Setter 7'!AD85,'Setter 6'!AD85,Fabien!AD85,'Setter 9'!AD85,'Setter 10'!AD85) -> 0 | AL85: =SUM(David!AL85,Dave!AE85,'Setter 5'!AE85,Rosalie!AE85,'Setter 8'!AE85,'Setter 7'!AE85,'Setter 6'!AE85,Fabien!AE85,'Setter 9'!AE85,'Setter 10'!AE85) -> 0 | AM85: =SUM(David!AM85,Dave!AF85,'Setter 5'!AF85,Rosalie!AF85,'Setter 8'!AF85,'Setter 7'!AF85,'Setter 6'!AF85,Fabien!AF85,'Setter 9'!AF85,'Setter 10'!AF85) -> 0 | AN85: =SUM(David!AN85,Dave!AG85,'Setter 5'!AG85,Rosalie!AG85,'Setter 8'!AG85,'Setter 7'!AG85,'Setter 6'!AG85,Fabien!AG85,'Setter 9'!AG85,'Setter 10'!AG85) -> 0 | AO85: =SUM(David!AO85,Dave!AH85,'Setter 5'!AH85,Rosalie!AH85,'Setter 8'!AH85,'Setter 7'!AH85,'Setter 6'!AH85,Fabien!AH85,'Setter 9'!AH85,'Setter 10'!AH85) -> 0 | AP85: =IFERROR(AO85/AI85,"") | AQ85: =IFERROR(AJ85/AI85,"") | AX85: =T85+B85+AI85 -> 0 | AY85: =AM85+X85+H85 -> 0 | AZ85: =AN85+I85 -> 0 | BA85: =AO85+J85 -> 0 | BB85: =IFERROR(AY85/AX85,"") | BC85: =IFERROR(AZ85/AX85,"") | BD85: =IFERROR(BA85/AX85,"")
A86: February 29 | B86: =SUM(David!B86,Dave!B86,'Setter 5'!B86,Rosalie!B86,'Setter 8'!B86,'Setter 7'!B86,'Setter 6'!B86,Fabien!B86,'Setter 9'!B86,'Setter 10'!B86) -> 0 | C86: =SUM(David!C86,Dave!C86,'Setter 5'!C86,Rosalie!C86,'Setter 8'!C86,'Setter 7'!C86,'Setter 6'!C86,Fabien!C86,'Setter 9'!C86,'Setter 10'!C86) -> 0 | D86: =SUM(David!D86,Dave!D86,'Setter 5'!D86,Rosalie!D86,'Setter 8'!D86,'Setter 7'!D86,'Setter 6'!D86,Fabien!D86,'Setter 9'!D86,'Setter 10'!D86) -> 0 | E86: =SUM(David!E86,Dave!E86,'Setter 5'!E86,Rosalie!E86,'Setter 8'!E86,'Setter 7'!E86,'Setter 6'!E86,Fabien!E86,'Setter 9'!E86,'Setter 10'!E86) -> 0 | F86: =SUM(David!F86,Dave!F86,'Setter 5'!F86,Rosalie!F86,'Setter 8'!F86,'Setter 7'!F86,'Setter 6'!F86,Fabien!F86,'Setter 9'!F86,'Setter 10'!F86) -> 0 | G86: =SUM(David!G86,Dave!G86,'Setter 5'!G86,Rosalie!G86,'Setter 8'!G86,'Setter 7'!G86,'Setter 6'!G86,Fabien!G86,'Setter 9'!G86,'Setter 10'!G86) -> 0 | H86: =SUM(David!H86,Dave!H86,'Setter 5'!H86,Rosalie!H86,'Setter 8'!H86,'Setter 7'!H86,'Setter 6'!H86,Fabien!H86,'Setter 9'!H86,'Setter 10'!H86) -> 0 | I86: =SUM(David!I86,Dave!I86,'Setter 5'!I86,Rosalie!I86,'Setter 8'!I86,'Setter 7'!I86,'Setter 6'!I86,Fabien!I86,'Setter 9'!I86,'Setter 10'!I86) -> 0 | J86: =SUM(David!J86,Dave!G86,'Setter 5'!G86,Rosalie!G86,'Setter 8'!G86,'Setter 7'!G86,'Setter 6'!G86,Fabien!G86,'Setter 9'!G86,'Setter 10'!G86) -> 0 | K86: =IFERROR(C86/B86,"") | L86: =IFERROR(D86/(C86-E86),"") | M86: =IFERROR(F86/(C86-E86),"") | N86: =IFERROR(G86/(C86-E86),"") | O86: =IFERROR((C86-E86)/C86,"") | P86: =IFERROR(H86/D86,"") | Q86: =IFERROR(I86/D86,"") | R86: =IFERROR(B86/D86,"") | S86: =IFERROR(J86/D86,"") | T86: =SUM(David!T86,Dave!O86,'Setter 5'!O86,Rosalie!O86,'Setter 8'!O86,'Setter 7'!O86,'Setter 6'!O86,Fabien!O86,'Setter 9'!O86,'Setter 10'!O86) -> 0 | U86: =SUM(David!U86,Dave!P86,'Setter 5'!P86,Rosalie!P86,'Setter 8'!P86,'Setter 7'!P86,'Setter 6'!P86,Fabien!P86,'Setter 9'!P86,'Setter 10'!P86) -> 0 | V86: =SUM(David!V86,Dave!Q86,'Setter 5'!Q86,Rosalie!Q86,'Setter 8'!Q86,'Setter 7'!Q86,'Setter 6'!Q86,Fabien!Q86,'Setter 9'!Q86,'Setter 10'!Q86) -> 0 | W86: =SUM(David!W86,Dave!R86,'Setter 5'!R86,Rosalie!R86,'Setter 8'!R86,'Setter 7'!R86,'Setter 6'!R86,Fabien!R86,'Setter 9'!R86,'Setter 10'!R86) -> 0 | X86: =SUM(David!X86,Dave!S86,'Setter 5'!S86,Rosalie!S86,'Setter 8'!S86,'Setter 7'!S86,'Setter 6'!S86,Fabien!S86,'Setter 9'!S86,'Setter 10'!S86) -> 0 | Y86: =SUM(David!Y86,Dave!T86,'Setter 5'!T86,Rosalie!T86,'Setter 8'!T86,'Setter 7'!T86,'Setter 6'!T86,Fabien!T86,'Setter 9'!T86,'Setter 10'!T86) -> 0 | Z86: =SUM(David!Z86,Dave!U86,'Setter 5'!U86,Rosalie!U86,'Setter 8'!U86,'Setter 7'!U86,'Setter 6'!U86,Fabien!U86,'Setter 9'!U86,'Setter 10'!U86) -> 0 | AA86: =IFERROR(U86/T86,"") | AB86: =IFERROR(V86/U86,"") | AC86: =IFERROR(W86/V86,"") | AD86: =IFERROR(W86/U86,"") | AE86: =IFERROR(Y86/W86,"") | AF86: =IFERROR(X86/W86,"") | AG86: =IFERROR(T86/W86,"") | AH86: =IFERROR(Z86/W86,"") | AI86: =SUM(David!AI86,Dave!AB86,'Setter 5'!AB86,Rosalie!AB86,'Setter 8'!AB86,'Setter 7'!AB86,'Setter 6'!AB86,Fabien!AB86,'Setter 9'!AB86,'Setter 10'!AB86) -> 0 | AJ86: =SUM(David!AJ86,Dave!AC86,'Setter 5'!AC86,Rosalie!AC86,'Setter 8'!AC86,'Setter 7'!AC86,'Setter 6'!AC86,Fabien!AC86,'Setter 9'!AC86,'Setter 10'!AC86) -> 0 | AK86: =SUM(David!AK86,Dave!AD86,'Setter 5'!AD86,Rosalie!AD86,'Setter 8'!AD86,'Setter 7'!AD86,'Setter 6'!AD86,Fabien!AD86,'Setter 9'!AD86,'Setter 10'!AD86) -> 0 | AL86: =SUM(David!AL86,Dave!AE86,'Setter 5'!AE86,Rosalie!AE86,'Setter 8'!AE86,'Setter 7'!AE86,'Setter 6'!AE86,Fabien!AE86,'Setter 9'!AE86,'Setter 10'!AE86) -> 0 | AM86: =SUM(David!AM86,Dave!AF86,'Setter 5'!AF86,Rosalie!AF86,'Setter 8'!AF86,'Setter 7'!AF86,'Setter 6'!AF86,Fabien!AF86,'Setter 9'!AF86,'Setter 10'!AF86) -> 0 | AN86: =SUM(David!AN86,Dave!AG86,'Setter 5'!AG86,Rosalie!AG86,'Setter 8'!AG86,'Setter 7'!AG86,'Setter 6'!AG86,Fabien!AG86,'Setter 9'!AG86,'Setter 10'!AG86) -> 0 | AO86: =SUM(David!AO86,Dave!AH86,'Setter 5'!AH86,Rosalie!AH86,'Setter 8'!AH86,'Setter 7'!AH86,'Setter 6'!AH86,Fabien!AH86,'Setter 9'!AH86,'Setter 10'!AH86) -> 0 | AP86: =IFERROR(AO86/AI86,"") | AQ86: =IFERROR(AJ86/AI86,"") | AX86: =T86+B86+AI86 -> 0 | AY86: =AM86+X86+H86 -> 0 | AZ86: =AN86+I86 -> 0 | BA86: =AO86+J86 -> 0 | BB86: =IFERROR(AY86/AX86,"") | BC86: =IFERROR(AZ86/AX86,"") | BD86: =IFERROR(BA86/AX86,"")
A88: 44986 | B88: =SUM(David!B88,Dave!B88,'Setter 5'!B88,Rosalie!B88,'Setter 8'!B88,'Setter 7'!B88,'Setter 6'!B88,Fabien!B88,'Setter 9'!B88,'Setter 10'!B88) -> 0 | C88: =SUM(David!C88,Dave!C88,'Setter 5'!C88,Rosalie!C88,'Setter 8'!C88,'Setter 7'!C88,'Setter 6'!C88,Fabien!C88,'Setter 9'!C88,'Setter 10'!C88) -> 0 | D88: =SUM(David!D88,Dave!D88,'Setter 5'!D88,Rosalie!D88,'Setter 8'!D88,'Setter 7'!D88,'Setter 6'!D88,Fabien!D88,'Setter 9'!D88,'Setter 10'!D88) -> 0 | E88: =SUM(David!E88,Dave!E88,'Setter 5'!E88,Rosalie!E88,'Setter 8'!E88,'Setter 7'!E88,'Setter 6'!E88,Fabien!E88,'Setter 9'!E88,'Setter 10'!E88) -> 0 | F88: =SUM(David!F88,Dave!F88,'Setter 5'!F88,Rosalie!F88,'Setter 8'!F88,'Setter 7'!F88,'Setter 6'!F88,Fabien!F88,'Setter 9'!F88,'Setter 10'!F88) -> 0 | G88: =SUM(David!G88,Dave!G88,'Setter 5'!G88,Rosalie!G88,'Setter 8'!G88,'Setter 7'!G88,'Setter 6'!G88,Fabien!G88,'Setter 9'!G88,'Setter 10'!G88) -> 0 | H88: =SUM(David!H88,Dave!H88,'Setter 5'!H88,Rosalie!H88,'Setter 8'!H88,'Setter 7'!H88,'Setter 6'!H88,Fabien!H88,'Setter 9'!H88,'Setter 10'!H88) -> 0 | I88: =SUM(David!I88,Dave!I88,'Setter 5'!I88,Rosalie!I88,'Setter 8'!I88,'Setter 7'!I88,'Setter 6'!I88,Fabien!I88,'Setter 9'!I88,'Setter 10'!I88) -> 0 | J88: =SUM(David!J88,Dave!G88,'Setter 5'!G88,Rosalie!G88,'Setter 8'!G88,'Setter 7'!G88,'Setter 6'!G88,Fabien!G88,'Setter 9'!G88,'Setter 10'!G88) -> 0 | K88: =IFERROR(C88/B88,"") | L88: =IFERROR(D88/(C88-E88),"") | M88: =IFERROR(F88/(C88-E88),"") | N88: =IFERROR(G88/(C88-E88),"") | O88: =IFERROR((C88-E88)/C88,"") | P88: =IFERROR(H88/D88,"") | Q88: =IFERROR(I88/D88,"") | R88: =IFERROR(B88/D88,"") | S88: =IFERROR(J88/D88,"") | T88: =SUM(David!T88,Dave!O88,'Setter 5'!O88,Rosalie!O88,'Setter 8'!O88,'Setter 7'!O88,'Setter 6'!O88,Fabien!O88,'Setter 9'!O88,'Setter 10'!O88) -> 0 | U88: =SUM(David!U88,Dave!P88,'Setter 5'!P88,Rosalie!P88,'Setter 8'!P88,'Setter 7'!P88,'Setter 6'!P88,Fabien!P88,'Setter 9'!P88,'Setter 10'!P88) -> 0 | V88: =SUM(David!V88,Dave!Q88,'Setter 5'!Q88,Rosalie!Q88,'Setter 8'!Q88,'Setter 7'!Q88,'Setter 6'!Q88,Fabien!Q88,'Setter 9'!Q88,'Setter 10'!Q88) -> 0 | W88: =SUM(David!W88,Dave!R88,'Setter 5'!R88,Rosalie!R88,'Setter 8'!R88,'Setter 7'!R88,'Setter 6'!R88,Fabien!R88,'Setter 9'!R88,'Setter 10'!R88) -> 0 | X88: =SUM(David!X88,Dave!S88,'Setter 5'!S88,Rosalie!S88,'Setter 8'!S88,'Setter 7'!S88,'Setter 6'!S88,Fabien!S88,'Setter 9'!S88,'Setter 10'!S88) -> 0 | Y88: =SUM(David!Y88,Dave!T88,'Setter 5'!T88,Rosalie!T88,'Setter 8'!T88,'Setter 7'!T88,'Setter 6'!T88,Fabien!T88,'Setter 9'!T88,'Setter 10'!T88) -> 0 | Z88: =SUM(David!Z88,Dave!U88,'Setter 5'!U88,Rosalie!U88,'Setter 8'!U88,'Setter 7'!U88,'Setter 6'!U88,Fabien!U88,'Setter 9'!U88,'Setter 10'!U88) -> 0 | AA88: =IFERROR(U88/T88,"") | AB88: =IFERROR(V88/U88,"") | AC88: =IFERROR(W88/V88,"") | AD88: =IFERROR(W88/U88,"") | AE88: =IFERROR(Y88/W88,"") | AF88: =IFERROR(X88/W88,"") | AG88: =IFERROR(T88/W88,"") | AH88: =IFERROR(Z88/W88,"") | AI88: =SUM(David!AI88,Dave!AB88,'Setter 5'!AB88,Rosalie!AB88,'Setter 8'!AB88,'Setter 7'!AB88,'Setter 6'!AB88,Fabien!AB88,'Setter 9'!AB88,'Setter 10'!AB88) -> 0 | AJ88: =SUM(David!AJ88,Dave!AC88,'Setter 5'!AC88,Rosalie!AC88,'Setter 8'!AC88,'Setter 7'!AC88,'Setter 6'!AC88,Fabien!AC88,'Setter 9'!AC88,'Setter 10'!AC88) -> 0 | AK88: =SUM(David!AK88,Dave!AD88,'Setter 5'!AD88,Rosalie!AD88,'Setter 8'!AD88,'Setter 7'!AD88,'Setter 6'!AD88,Fabien!AD88,'Setter 9'!AD88,'Setter 10'!AD88) -> 0 | AL88: =SUM(David!AL88,Dave!AE88,'Setter 5'!AE88,Rosalie!AE88,'Setter 8'!AE88,'Setter 7'!AE88,'Setter 6'!AE88,Fabien!AE88,'Setter 9'!AE88,'Setter 10'!AE88) -> 0 | AM88: =SUM(David!AM88,Dave!AF88,'Setter 5'!AF88,Rosalie!AF88,'Setter 8'!AF88,'Setter 7'!AF88,'Setter 6'!AF88,Fabien!AF88,'Setter 9'!AF88,'Setter 10'!AF88) -> 0 | AN88: =SUM(David!AN88,Dave!AG88,'Setter 5'!AG88,Rosalie!AG88,'Setter 8'!AG88,'Setter 7'!AG88,'Setter 6'!AG88,Fabien!AG88,'Setter 9'!AG88,'Setter 10'!AG88) -> 0 | AO88: =SUM(David!AO88,Dave!AH88,'Setter 5'!AH88,Rosalie!AH88,'Setter 8'!AH88,'Setter 7'!AH88,'Setter 6'!AH88,Fabien!AH88,'Setter 9'!AH88,'Setter 10'!AH88) -> 0 | AP88: =IFERROR(AO88/AI88,"") | AQ88: =IFERROR(AJ88/AI88,"") | AX88: =T88+B88+AI88 -> 0 | AY88: =AM88+X88+H88 -> 0 | AZ88: =AN88+I88 -> 0 | BA88: =AO88+J88 -> 0 | BB88: =IFERROR(AY88/AX88,"") | BC88: =IFERROR(AZ88/AX88,"") | BD88: =IFERROR(BA88/AX88,"")
A89: 44987 | B89: =SUM(David!B89,Dave!B89,'Setter 5'!B89,Rosalie!B89,'Setter 8'!B89,'Setter 7'!B89,'Setter 6'!B89,Fabien!B89,'Setter 9'!B89,'Setter 10'!B89) -> 0 | C89: =SUM(David!C89,Dave!C89,'Setter 5'!C89,Rosalie!C89,'Setter 8'!C89,'Setter 7'!C89,'Setter 6'!C89,Fabien!C89,'Setter 9'!C89,'Setter 10'!C89) -> 0 | D89: =SUM(David!D89,Dave!D89,'Setter 5'!D89,Rosalie!D89,'Setter 8'!D89,'Setter 7'!D89,'Setter 6'!D89,Fabien!D89,'Setter 9'!D89,'Setter 10'!D89) -> 0 | E89: =SUM(David!E89,Dave!E89,'Setter 5'!E89,Rosalie!E89,'Setter 8'!E89,'Setter 7'!E89,'Setter 6'!E89,Fabien!E89,'Setter 9'!E89,'Setter 10'!E89) -> 0 | F89: =SUM(David!F89,Dave!F89,'Setter 5'!F89,Rosalie!F89,'Setter 8'!F89,'Setter 7'!F89,'Setter 6'!F89,Fabien!F89,'Setter 9'!F89,'Setter 10'!F89) -> 0 | G89: =SUM(David!G89,Dave!G89,'Setter 5'!G89,Rosalie!G89,'Setter 8'!G89,'Setter 7'!G89,'Setter 6'!G89,Fabien!G89,'Setter 9'!G89,'Setter 10'!G89) -> 0 | H89: =SUM(David!H89,Dave!H89,'Setter 5'!H89,Rosalie!H89,'Setter 8'!H89,'Setter 7'!H89,'Setter 6'!H89,Fabien!H89,'Setter 9'!H89,'Setter 10'!H89) -> 0 | I89: =SUM(David!I89,Dave!I89,'Setter 5'!I89,Rosalie!I89,'Setter 8'!I89,'Setter 7'!I89,'Setter 6'!I89,Fabien!I89,'Setter 9'!I89,'Setter 10'!I89) -> 0 | J89: =SUM(David!J89,Dave!G89,'Setter 5'!G89,Rosalie!G89,'Setter 8'!G89,'Setter 7'!G89,'Setter 6'!G89,Fabien!G89,'Setter 9'!G89,'Setter 10'!G89) -> 0 | K89: =IFERROR(C89/B89,"") | L89: =IFERROR(D89/(C89-E89),"") | M89: =IFERROR(F89/(C89-E89),"") | N89: =IFERROR(G89/(C89-E89),"") | O89: =IFERROR((C89-E89)/C89,"") | P89: =IFERROR(H89/D89,"") | Q89: =IFERROR(I89/D89,"") | R89: =IFERROR(B89/D89,"") | S89: =IFERROR(J89/D89,"") | T89: =SUM(David!T89,Dave!O89,'Setter 5'!O89,Rosalie!O89,'Setter 8'!O89,'Setter 7'!O89,'Setter 6'!O89,Fabien!O89,'Setter 9'!O89,'Setter 10'!O89) -> 0 | U89: =SUM(David!U89,Dave!P89,'Setter 5'!P89,Rosalie!P89,'Setter 8'!P89,'Setter 7'!P89,'Setter 6'!P89,Fabien!P89,'Setter 9'!P89,'Setter 10'!P89) -> 0 | V89: =SUM(David!V89,Dave!Q89,'Setter 5'!Q89,Rosalie!Q89,'Setter 8'!Q89,'Setter 7'!Q89,'Setter 6'!Q89,Fabien!Q89,'Setter 9'!Q89,'Setter 10'!Q89) -> 0 | W89: =SUM(David!W89,Dave!R89,'Setter 5'!R89,Rosalie!R89,'Setter 8'!R89,'Setter 7'!R89,'Setter 6'!R89,Fabien!R89,'Setter 9'!R89,'Setter 10'!R89) -> 0 | X89: =SUM(David!X89,Dave!S89,'Setter 5'!S89,Rosalie!S89,'Setter 8'!S89,'Setter 7'!S89,'Setter 6'!S89,Fabien!S89,'Setter 9'!S89,'Setter 10'!S89) -> 0 | Y89: =SUM(David!Y89,Dave!T89,'Setter 5'!T89,Rosalie!T89,'Setter 8'!T89,'Setter 7'!T89,'Setter 6'!T89,Fabien!T89,'Setter 9'!T89,'Setter 10'!T89) -> 0 | Z89: =SUM(David!Z89,Dave!U89,'Setter 5'!U89,Rosalie!U89,'Setter 8'!U89,'Setter 7'!U89,'Setter 6'!U89,Fabien!U89,'Setter 9'!U89,'Setter 10'!U89) -> 0 | AA89: =IFERROR(U89/T89,"") | AB89: =IFERROR(V89/U89,"") | AC89: =IFERROR(W89/V89,"") | AD89: =IFERROR(W89/U89,"") | AE89: =IFERROR(Y89/W89,"") | AF89: =IFERROR(X89/W89,"") | AG89: =IFERROR(T89/W89,"") | AH89: =IFERROR(Z89/W89,"") | AI89: =SUM(David!AI89,Dave!AB89,'Setter 5'!AB89,Rosalie!AB89,'Setter 8'!AB89,'Setter 7'!AB89,'Setter 6'!AB89,Fabien!AB89,'Setter 9'!AB89,'Setter 10'!AB89) -> 0 | AJ89: =SUM(David!AJ89,Dave!AC89,'Setter 5'!AC89,Rosalie!AC89,'Setter 8'!AC89,'Setter 7'!AC89,'Setter 6'!AC89,Fabien!AC89,'Setter 9'!AC89,'Setter 10'!AC89) -> 0 | AK89: =SUM(David!AK89,Dave!AD89,'Setter 5'!AD89,Rosalie!AD89,'Setter 8'!AD89,'Setter 7'!AD89,'Setter 6'!AD89,Fabien!AD89,'Setter 9'!AD89,'Setter 10'!AD89) -> 0 | AL89: =SUM(David!AL89,Dave!AE89,'Setter 5'!AE89,Rosalie!AE89,'Setter 8'!AE89,'Setter 7'!AE89,'Setter 6'!AE89,Fabien!AE89,'Setter 9'!AE89,'Setter 10'!AE89) -> 0 | AM89: =SUM(David!AM89,Dave!AF89,'Setter 5'!AF89,Rosalie!AF89,'Setter 8'!AF89,'Setter 7'!AF89,'Setter 6'!AF89,Fabien!AF89,'Setter 9'!AF89,'Setter 10'!AF89) -> 0 | AN89: =SUM(David!AN89,Dave!AG89,'Setter 5'!AG89,Rosalie!AG89,'Setter 8'!AG89,'Setter 7'!AG89,'Setter 6'!AG89,Fabien!AG89,'Setter 9'!AG89,'Setter 10'!AG89) -> 0 | AO89: =SUM(David!AO89,Dave!AH89,'Setter 5'!AH89,Rosalie!AH89,'Setter 8'!AH89,'Setter 7'!AH89,'Setter 6'!AH89,Fabien!AH89,'Setter 9'!AH89,'Setter 10'!AH89) -> 0 | AP89: =IFERROR(AO89/AI89,"") | AQ89: =IFERROR(AJ89/AI89,"") | AX89: =T89+B89+AI89 -> 0 | AY89: =AM89+X89+H89 -> 0 | AZ89: =AN89+I89 -> 0 | BA89: =AO89+J89 -> 0 | BB89: =IFERROR(AY89/AX89,"") | BC89: =IFERROR(AZ89/AX89,"") | BD89: =IFERROR(BA89/AX89,"")
A90: 44988 | B90: =SUM(David!B90,Dave!B90,'Setter 5'!B90,Rosalie!B90,'Setter 8'!B90,'Setter 7'!B90,'Setter 6'!B90,Fabien!B90,'Setter 9'!B90,'Setter 10'!B90) -> 0 | C90: =SUM(David!C90,Dave!C90,'Setter 5'!C90,Rosalie!C90,'Setter 8'!C90,'Setter 7'!C90,'Setter 6'!C90,Fabien!C90,'Setter 9'!C90,'Setter 10'!C90) -> 0 | D90: =SUM(David!D90,Dave!D90,'Setter 5'!D90,Rosalie!D90,'Setter 8'!D90,'Setter 7'!D90,'Setter 6'!D90,Fabien!D90,'Setter 9'!D90,'Setter 10'!D90) -> 0 | E90: =SUM(David!E90,Dave!E90,'Setter 5'!E90,Rosalie!E90,'Setter 8'!E90,'Setter 7'!E90,'Setter 6'!E90,Fabien!E90,'Setter 9'!E90,'Setter 10'!E90) -> 0 | F90: =SUM(David!F90,Dave!F90,'Setter 5'!F90,Rosalie!F90,'Setter 8'!F90,'Setter 7'!F90,'Setter 6'!F90,Fabien!F90,'Setter 9'!F90,'Setter 10'!F90) -> 0 | G90: =SUM(David!G90,Dave!G90,'Setter 5'!G90,Rosalie!G90,'Setter 8'!G90,'Setter 7'!G90,'Setter 6'!G90,Fabien!G90,'Setter 9'!G90,'Setter 10'!G90) -> 0 | H90: =SUM(David!H90,Dave!H90,'Setter 5'!H90,Rosalie!H90,'Setter 8'!H90,'Setter 7'!H90,'Setter 6'!H90,Fabien!H90,'Setter 9'!H90,'Setter 10'!H90) -> 0 | I90: =SUM(David!I90,Dave!I90,'Setter 5'!I90,Rosalie!I90,'Setter 8'!I90,'Setter 7'!I90,'Setter 6'!I90,Fabien!I90,'Setter 9'!I90,'Setter 10'!I90) -> 0 | J90: =SUM(David!J90,Dave!G90,'Setter 5'!G90,Rosalie!G90,'Setter 8'!G90,'Setter 7'!G90,'Setter 6'!G90,Fabien!G90,'Setter 9'!G90,'Setter 10'!G90) -> 0 | K90: =IFERROR(C90/B90,"") | L90: =IFERROR(D90/(C90-E90),"") | M90: =IFERROR(F90/(C90-E90),"") | N90: =IFERROR(G90/(C90-E90),"") | O90: =IFERROR((C90-E90)/C90,"") | P90: =IFERROR(H90/D90,"") | Q90: =IFERROR(I90/D90,"") | R90: =IFERROR(B90/D90,"") | S90: =IFERROR(J90/D90,"") | T90: =SUM(David!T90,Dave!O90,'Setter 5'!O90,Rosalie!O90,'Setter 8'!O90,'Setter 7'!O90,'Setter 6'!O90,Fabien!O90,'Setter 9'!O90,'Setter 10'!O90) -> 0 | U90: =SUM(David!U90,Dave!P90,'Setter 5'!P90,Rosalie!P90,'Setter 8'!P90,'Setter 7'!P90,'Setter 6'!P90,Fabien!P90,'Setter 9'!P90,'Setter 10'!P90) -> 0 | V90: =SUM(David!V90,Dave!Q90,'Setter 5'!Q90,Rosalie!Q90,'Setter 8'!Q90,'Setter 7'!Q90,'Setter 6'!Q90,Fabien!Q90,'Setter 9'!Q90,'Setter 10'!Q90) -> 0 | W90: =SUM(David!W90,Dave!R90,'Setter 5'!R90,Rosalie!R90,'Setter 8'!R90,'Setter 7'!R90,'Setter 6'!R90,Fabien!R90,'Setter 9'!R90,'Setter 10'!R90) -> 0 | X90: =SUM(David!X90,Dave!S90,'Setter 5'!S90,Rosalie!S90,'Setter 8'!S90,'Setter 7'!S90,'Setter 6'!S90,Fabien!S90,'Setter 9'!S90,'Setter 10'!S90) -> 0 | Y90: =SUM(David!Y90,Dave!T90,'Setter 5'!T90,Rosalie!T90,'Setter 8'!T90,'Setter 7'!T90,'Setter 6'!T90,Fabien!T90,'Setter 9'!T90,'Setter 10'!T90) -> 0 | Z90: =SUM(David!Z90,Dave!U90,'Setter 5'!U90,Rosalie!U90,'Setter 8'!U90,'Setter 7'!U90,'Setter 6'!U90,Fabien!U90,'Setter 9'!U90,'Setter 10'!U90) -> 0 | AA90: =IFERROR(U90/T90,"") | AB90: =IFERROR(V90/U90,"") | AC90: =IFERROR(W90/V90,"") | AD90: =IFERROR(W90/U90,"") | AE90: =IFERROR(Y90/W90,"") | AF90: =IFERROR(X90/W90,"") | AG90: =IFERROR(T90/W90,"") | AH90: =IFERROR(Z90/W90,"") | AI90: =SUM(David!AI90,Dave!AB90,'Setter 5'!AB90,Rosalie!AB90,'Setter 8'!AB90,'Setter 7'!AB90,'Setter 6'!AB90,Fabien!AB90,'Setter 9'!AB90,'Setter 10'!AB90) -> 0 | AJ90: =SUM(David!AJ90,Dave!AC90,'Setter 5'!AC90,Rosalie!AC90,'Setter 8'!AC90,'Setter 7'!AC90,'Setter 6'!AC90,Fabien!AC90,'Setter 9'!AC90,'Setter 10'!AC90) -> 0 | AK90: =SUM(David!AK90,Dave!AD90,'Setter 5'!AD90,Rosalie!AD90,'Setter 8'!AD90,'Setter 7'!AD90,'Setter 6'!AD90,Fabien!AD90,'Setter 9'!AD90,'Setter 10'!AD90) -> 0 | AL90: =SUM(David!AL90,Dave!AE90,'Setter 5'!AE90,Rosalie!AE90,'Setter 8'!AE90,'Setter 7'!AE90,'Setter 6'!AE90,Fabien!AE90,'Setter 9'!AE90,'Setter 10'!AE90) -> 0 | AM90: =SUM(David!AM90,Dave!AF90,'Setter 5'!AF90,Rosalie!AF90,'Setter 8'!AF90,'Setter 7'!AF90,'Setter 6'!AF90,Fabien!AF90,'Setter 9'!AF90,'Setter 10'!AF90) -> 0 | AN90: =SUM(David!AN90,Dave!AG90,'Setter 5'!AG90,Rosalie!AG90,'Setter 8'!AG90,'Setter 7'!AG90,'Setter 6'!AG90,Fabien!AG90,'Setter 9'!AG90,'Setter 10'!AG90) -> 0 | AO90: =SUM(David!AO90,Dave!AH90,'Setter 5'!AH90,Rosalie!AH90,'Setter 8'!AH90,'Setter 7'!AH90,'Setter 6'!AH90,Fabien!AH90,'Setter 9'!AH90,'Setter 10'!AH90) -> 0 | AP90: =IFERROR(AO90/AI90,"") | AQ90: =IFERROR(AJ90/AI90,"") | AX90: =T90+B90+AI90 -> 0 | AY90: =AM90+X90+H90 -> 0 | AZ90: =AN90+I90 -> 0 | BA90: =AO90+J90 -> 0 | BB90: =IFERROR(AY90/AX90,"") | BC90: =IFERROR(AZ90/AX90,"") | BD90: =IFERROR(BA90/AX90,"")
A91: 44989 | B91: =SUM(David!B91,Dave!B91,'Setter 5'!B91,Rosalie!B91,'Setter 8'!B91,'Setter 7'!B91,'Setter 6'!B91,Fabien!B91,'Setter 9'!B91,'Setter 10'!B91) -> 0 | C91: =SUM(David!C91,Dave!C91,'Setter 5'!C91,Rosalie!C91,'Setter 8'!C91,'Setter 7'!C91,'Setter 6'!C91,Fabien!C91,'Setter 9'!C91,'Setter 10'!C91) -> 0 | D91: =SUM(David!D91,Dave!D91,'Setter 5'!D91,Rosalie!D91,'Setter 8'!D91,'Setter 7'!D91,'Setter 6'!D91,Fabien!D91,'Setter 9'!D91,'Setter 10'!D91) -> 0 | E91: =SUM(David!E91,Dave!E91,'Setter 5'!E91,Rosalie!E91,'Setter 8'!E91,'Setter 7'!E91,'Setter 6'!E91,Fabien!E91,'Setter 9'!E91,'Setter 10'!E91) -> 0 | F91: =SUM(David!F91,Dave!F91,'Setter 5'!F91,Rosalie!F91,'Setter 8'!F91,'Setter 7'!F91,'Setter 6'!F91,Fabien!F91,'Setter 9'!F91,'Setter 10'!F91) -> 0 | G91: =SUM(David!G91,Dave!G91,'Setter 5'!G91,Rosalie!G91,'Setter 8'!G91,'Setter 7'!G91,'Setter 6'!G91,Fabien!G91,'Setter 9'!G91,'Setter 10'!G91) -> 0 | H91: =SUM(David!H91,Dave!H91,'Setter 5'!H91,Rosalie!H91,'Setter 8'!H91,'Setter 7'!H91,'Setter 6'!H91,Fabien!H91,'Setter 9'!H91,'Setter 10'!H91) -> 0 | I91: =SUM(David!I91,Dave!I91,'Setter 5'!I91,Rosalie!I91,'Setter 8'!I91,'Setter 7'!I91,'Setter 6'!I91,Fabien!I91,'Setter 9'!I91,'Setter 10'!I91) -> 0 | J91: =SUM(David!J91,Dave!G91,'Setter 5'!G91,Rosalie!G91,'Setter 8'!G91,'Setter 7'!G91,'Setter 6'!G91,Fabien!G91,'Setter 9'!G91,'Setter 10'!G91) -> 0 | K91: =IFERROR(C91/B91,"") | L91: =IFERROR(D91/(C91-E91),"") | M91: =IFERROR(F91/(C91-E91),"") | N91: =IFERROR(G91/(C91-E91),"") | O91: =IFERROR((C91-E91)/C91,"") | P91: =IFERROR(H91/D91,"") | Q91: =IFERROR(I91/D91,"") | R91: =IFERROR(B91/D91,"") | S91: =IFERROR(J91/D91,"") | T91: =SUM(David!T91,Dave!O91,'Setter 5'!O91,Rosalie!O91,'Setter 8'!O91,'Setter 7'!O91,'Setter 6'!O91,Fabien!O91,'Setter 9'!O91,'Setter 10'!O91) -> 0 | U91: =SUM(David!U91,Dave!P91,'Setter 5'!P91,Rosalie!P91,'Setter 8'!P91,'Setter 7'!P91,'Setter 6'!P91,Fabien!P91,'Setter 9'!P91,'Setter 10'!P91) -> 0 | V91: =SUM(David!V91,Dave!Q91,'Setter 5'!Q91,Rosalie!Q91,'Setter 8'!Q91,'Setter 7'!Q91,'Setter 6'!Q91,Fabien!Q91,'Setter 9'!Q91,'Setter 10'!Q91) -> 0 | W91: =SUM(David!W91,Dave!R91,'Setter 5'!R91,Rosalie!R91,'Setter 8'!R91,'Setter 7'!R91,'Setter 6'!R91,Fabien!R91,'Setter 9'!R91,'Setter 10'!R91) -> 0 | X91: =SUM(David!X91,Dave!S91,'Setter 5'!S91,Rosalie!S91,'Setter 8'!S91,'Setter 7'!S91,'Setter 6'!S91,Fabien!S91,'Setter 9'!S91,'Setter 10'!S91) -> 0 | Y91: =SUM(David!Y91,Dave!T91,'Setter 5'!T91,Rosalie!T91,'Setter 8'!T91,'Setter 7'!T91,'Setter 6'!T91,Fabien!T91,'Setter 9'!T91,'Setter 10'!T91) -> 0 | Z91: =SUM(David!Z91,Dave!U91,'Setter 5'!U91,Rosalie!U91,'Setter 8'!U91,'Setter 7'!U91,'Setter 6'!U91,Fabien!U91,'Setter 9'!U91,'Setter 10'!U91) -> 0 | AA91: =IFERROR(U91/T91,"") | AB91: =IFERROR(V91/U91,"") | AC91: =IFERROR(W91/V91,"") | AD91: =IFERROR(W91/U91,"") | AE91: =IFERROR(Y91/W91,"") | AF91: =IFERROR(X91/W91,"") | AG91: =IFERROR(T91/W91,"") | AH91: =IFERROR(Z91/W91,"") | AI91: =SUM(David!AI91,Dave!AB91,'Setter 5'!AB91,Rosalie!AB91,'Setter 8'!AB91,'Setter 7'!AB91,'Setter 6'!AB91,Fabien!AB91,'Setter 9'!AB91,'Setter 10'!AB91) -> 0 | AJ91: =SUM(David!AJ91,Dave!AC91,'Setter 5'!AC91,Rosalie!AC91,'Setter 8'!AC91,'Setter 7'!AC91,'Setter 6'!AC91,Fabien!AC91,'Setter 9'!AC91,'Setter 10'!AC91) -> 0 | AK91: =SUM(David!AK91,Dave!AD91,'Setter 5'!AD91,Rosalie!AD91,'Setter 8'!AD91,'Setter 7'!AD91,'Setter 6'!AD91,Fabien!AD91,'Setter 9'!AD91,'Setter 10'!AD91) -> 0 | AL91: =SUM(David!AL91,Dave!AE91,'Setter 5'!AE91,Rosalie!AE91,'Setter 8'!AE91,'Setter 7'!AE91,'Setter 6'!AE91,Fabien!AE91,'Setter 9'!AE91,'Setter 10'!AE91) -> 0 | AM91: =SUM(David!AM91,Dave!AF91,'Setter 5'!AF91,Rosalie!AF91,'Setter 8'!AF91,'Setter 7'!AF91,'Setter 6'!AF91,Fabien!AF91,'Setter 9'!AF91,'Setter 10'!AF91) -> 0 | AN91: =SUM(David!AN91,Dave!AG91,'Setter 5'!AG91,Rosalie!AG91,'Setter 8'!AG91,'Setter 7'!AG91,'Setter 6'!AG91,Fabien!AG91,'Setter 9'!AG91,'Setter 10'!AG91) -> 0 | AO91: =SUM(David!AO91,Dave!AH91,'Setter 5'!AH91,Rosalie!AH91,'Setter 8'!AH91,'Setter 7'!AH91,'Setter 6'!AH91,Fabien!AH91,'Setter 9'!AH91,'Setter 10'!AH91) -> 0 | AP91: =IFERROR(AO91/AI91,"") | AQ91: =IFERROR(AJ91/AI91,"") | AX91: =T91+B91+AI91 -> 0 | AY91: =AM91+X91+H91 -> 0 | AZ91: =AN91+I91 -> 0 | BA91: =AO91+J91 -> 0 | BB91: =IFERROR(AY91/AX91,"") | BC91: =IFERROR(AZ91/AX91,"") | BD91: =IFERROR(BA91/AX91,"")
A92: 44990 | B92: =SUM(David!B92,Dave!B92,'Setter 5'!B92,Rosalie!B92,'Setter 8'!B92,'Setter 7'!B92,'Setter 6'!B92,Fabien!B92,'Setter 9'!B92,'Setter 10'!B92) -> 10 | C92: =SUM(David!C92,Dave!C92,'Setter 5'!C92,Rosalie!C92,'Setter 8'!C92,'Setter 7'!C92,'Setter 6'!C92,Fabien!C92,'Setter 9'!C92,'Setter 10'!C92) -> 6 | D92: =SUM(David!D92,Dave!D92,'Setter 5'!D92,Rosalie!D92,'Setter 8'!D92,'Setter 7'!D92,'Setter 6'!D92,Fabien!D92,'Setter 9'!D92,'Setter 10'!D92) -> 4 | E92: =SUM(David!E92,Dave!E92,'Setter 5'!E92,Rosalie!E92,'Setter 8'!E92,'Setter 7'!E92,'Setter 6'!E92,Fabien!E92,'Setter 9'!E92,'Setter 10'!E92) -> 0 | F92: =SUM(David!F92,Dave!F92,'Setter 5'!F92,Rosalie!F92,'Setter 8'!F92,'Setter 7'!F92,'Setter 6'!F92,Fabien!F92,'Setter 9'!F92,'Setter 10'!F92) -> 1 | G92: =SUM(David!G92,Dave!G92,'Setter 5'!G92,Rosalie!G92,'Setter 8'!G92,'Setter 7'!G92,'Setter 6'!G92,Fabien!G92,'Setter 9'!G92,'Setter 10'!G92) -> 2 | H92: =SUM(David!H92,Dave!H92,'Setter 5'!H92,Rosalie!H92,'Setter 8'!H92,'Setter 7'!H92,'Setter 6'!H92,Fabien!H92,'Setter 9'!H92,'Setter 10'!H92) -> 0 | I92: =SUM(David!I92,Dave!I92,'Setter 5'!I92,Rosalie!I92,'Setter 8'!I92,'Setter 7'!I92,'Setter 6'!I92,Fabien!I92,'Setter 9'!I92,'Setter 10'!I92) -> 0 | J92: =SUM(David!J92,Dave!G92,'Setter 5'!G92,Rosalie!G92,'Setter 8'!G92,'Setter 7'!G92,'Setter 6'!G92,Fabien!G92,'Setter 9'!G92,'Setter 10'!G92) -> 1 | K92: =IFERROR(C92/B92,"") -> 0.6 | L92: =IFERROR(D92/(C92-E92),"") -> 0.66666667 | M92: =IFERROR(F92/(C92-E92),"") -> 0.16666667 | N92: =IFERROR(G92/(C92-E92),"") -> 0.33333333 | O92: =IFERROR((C92-E92)/C92,"") -> 1 | P92: =IFERROR(H92/D92,"") -> 0 | Q92: =IFERROR(I92/D92,"") -> 0 | R92: =IFERROR(B92/D92,"") -> 2.5 | S92: =IFERROR(J92/D92,"") -> 0.25 | T92: =SUM(David!T92,Dave!O92,'Setter 5'!O92,Rosalie!O92,'Setter 8'!O92,'Setter 7'!O92,'Setter 6'!O92,Fabien!O92,'Setter 9'!O92,'Setter 10'!O92) -> 1 | U92: =SUM(David!U92,Dave!P92,'Setter 5'!P92,Rosalie!P92,'Setter 8'!P92,'Setter 7'!P92,'Setter 6'!P92,Fabien!P92,'Setter 9'!P92,'Setter 10'!P92) -> 0 | V92: =SUM(David!V92,Dave!Q92,'Setter 5'!Q92,Rosalie!Q92,'Setter 8'!Q92,'Setter 7'!Q92,'Setter 6'!Q92,Fabien!Q92,'Setter 9'!Q92,'Setter 10'!Q92) -> 0 | W92: =SUM(David!W92,Dave!R92,'Setter 5'!R92,Rosalie!R92,'Setter 8'!R92,'Setter 7'!R92,'Setter 6'!R92,Fabien!R92,'Setter 9'!R92,'Setter 10'!R92) -> 0 | X92: =SUM(David!X92,Dave!S92,'Setter 5'!S92,Rosalie!S92,'Setter 8'!S92,'Setter 7'!S92,'Setter 6'!S92,Fabien!S92,'Setter 9'!S92,'Setter 10'!S92) -> 0 | Y92: =SUM(David!Y92,Dave!T92,'Setter 5'!T92,Rosalie!T92,'Setter 8'!T92,'Setter 7'!T92,'Setter 6'!T92,Fabien!T92,'Setter 9'!T92,'Setter 10'!T92) -> 0 | Z92: =SUM(David!Z92,Dave!U92,'Setter 5'!U92,Rosalie!U92,'Setter 8'!U92,'Setter 7'!U92,'Setter 6'!U92,Fabien!U92,'Setter 9'!U92,'Setter 10'!U92) -> 0 | AA92: =IFERROR(U92/T92,"") -> 0 | AB92: =IFERROR(V92/U92,"") | AC92: =IFERROR(W92/V92,"") | AD92: =IFERROR(W92/U92,"") | AE92: =IFERROR(Y92/W92,"") | AF92: =IFERROR(X92/W92,"") | AG92: =IFERROR(T92/W92,"") | AH92: =IFERROR(Z92/W92,"") | AI92: =SUM(David!AI92,Dave!AB92,'Setter 5'!AB92,Rosalie!AB92,'Setter 8'!AB92,'Setter 7'!AB92,'Setter 6'!AB92,Fabien!AB92,'Setter 9'!AB92,'Setter 10'!AB92) -> 0 | AJ92: =SUM(David!AJ92,Dave!AC92,'Setter 5'!AC92,Rosalie!AC92,'Setter 8'!AC92,'Setter 7'!AC92,'Setter 6'!AC92,Fabien!AC92,'Setter 9'!AC92,'Setter 10'!AC92) -> 0 | AK92: =SUM(David!AK92,Dave!AD92,'Setter 5'!AD92,Rosalie!AD92,'Setter 8'!AD92,'Setter 7'!AD92,'Setter 6'!AD92,Fabien!AD92,'Setter 9'!AD92,'Setter 10'!AD92) -> 0 | AL92: =SUM(David!AL92,Dave!AE92,'Setter 5'!AE92,Rosalie!AE92,'Setter 8'!AE92,'Setter 7'!AE92,'Setter 6'!AE92,Fabien!AE92,'Setter 9'!AE92,'Setter 10'!AE92) -> 0 | AM92: =SUM(David!AM92,Dave!AF92,'Setter 5'!AF92,Rosalie!AF92,'Setter 8'!AF92,'Setter 7'!AF92,'Setter 6'!AF92,Fabien!AF92,'Setter 9'!AF92,'Setter 10'!AF92) -> 0 | AN92: =SUM(David!AN92,Dave!AG92,'Setter 5'!AG92,Rosalie!AG92,'Setter 8'!AG92,'Setter 7'!AG92,'Setter 6'!AG92,Fabien!AG92,'Setter 9'!AG92,'Setter 10'!AG92) -> 0 | AO92: =SUM(David!AO92,Dave!AH92,'Setter 5'!AH92,Rosalie!AH92,'Setter 8'!AH92,'Setter 7'!AH92,'Setter 6'!AH92,Fabien!AH92,'Setter 9'!AH92,'Setter 10'!AH92) -> 0 | AP92: =IFERROR(AO92/AI92,"") | AQ92: =IFERROR(AJ92/AI92,"") | AX92: =T92+B92+AI92 -> 11 | AY92: =AM92+X92+H92 -> 0 | AZ92: =AN92+I92 -> 0 | BA92: =AO92+J92 -> 1 | BB92: =IFERROR(AY92/AX92,"") -> 0 | BC92: =IFERROR(AZ92/AX92,"") -> 0 | BD92: =IFERROR(BA92/AX92,"") -> 0.090909091
